wifi,X,Y,parents,ID,restored_x,restored_y,children,activated
66,13.949,16.375,N,N,13.948792,16.375364,N,1
96,62.374,59.313,N,N,62.373878,59.31299,N,1
105,142.814,97.329,N,N,142.813712,97.329134,N,1
33,194.916,125.425,N,N,194.916052,125.424975,36007:39363:68885:10120:21066:49714:,1
99,239.844,158.207,N,N,239.844309,158.206684,8789:65425:66968:14457:84968:72303:82871:80587:32298:59358:50666:95825:38843:93366:11672:17039:89491:87495:35269:87997:96011:7130:99822:89009:21964:29525:50635:42336:12762:80767:50470:85939:75620:12762:70435:63571:42913:,1
5,287.395,193.229,N,N,287.394523,193.228916,52173:37114:80781:10257:26379:74327:32712:99364:71080:54442:45979:85961:77286:46283:65936:28565:36592:11334:51083:84480:93215:65572:24365:3994:65120:23810:30185:46656:21226:36426:80618:86432:47748:17201:99646:40054:70497:69914:60734:10183:49875:,1
95,323.59,208.748,N,N,323.5895,208.748489,94371:67276:86609:85900:97081:76000:46680:51712:61079:5873:81469:81107:66317:22495:90601:84696:75906:10412:63439:35739:18751:54934:52286:21546:51712:87403:76260:95306:46615:79500:95798:7930:30047:20466:90663:59727:84898:7979:87438:63644:6433:60989:2641:68202:,1
88,376.773,212.234,N,N,376.772586,212.234033,20197:63399:42953:,1
19,102.488,48.308,N,N,102.487635,48.307526,N,1
22,205.899,103.487,N,N,205.898654,103.486856,N,1
120,279.519,149.801,N,N,279.5192,149.800834,87962:82027:99220:76243:41939:27160:58782:23163:78484:43826:83695:48762:97925:54293:28591:69604:53888:55314:,1
67,370.983,159.94,N,N,370.982585,159.940167,N,1
92,381.397,63.134,N,N,381.396941,63.133526,N,1
49,310.951,262.358,N,N,310.950798,262.358424,N,1
101,257.355,270.201,N,N,257.355128,270.201074,N,1
84,254.126,241.349,N,N,254.126223,241.34925,N,1
4,276.312,228.59,N,N,276.311922,228.58987,35271:69845:59351:19333:95108:36612:,1
32,239.106,185.931,N,N,239.105846,185.930734,33156:23355:20799:67302:47674:57082:,1
13,399.251,216.457,N,N,399.250741,216.457314,N,1
40516,264.0,156.0,22:95,1_virtual,256.200862,151.74229,42320:9057:1706:80693:30962:55906:96377:26062:35578:53396:32615:40964:66905:23023:23419:40990:60802:83453:86437:75510:30453:55135:60368:64219:64123:96485:72617:48523:14346:59649:31771:10698:2189:,1
41941,246.0,148.0,5:22,1_virtual,248.337786,138.117243,88630:66853:63835:31463:65833:3243:8989:48880:53825:46482:66352:5956:9032:33484:78694:71934:27349:69669:72041:93848:85209:16800:42999:,1
16442,305.0,200.0,5:95,1_virtual,299.242245,195.277785,56713:7985:36698:91176:81488:64732:38073:42173:85621:11420:83451:67735:38246:17981:,1
55554,272.0,168.0,5:22:95,1_virtual,263.170432,177.010396,13719:60067:91142:2585:27038:86416:68893:9193:31006:59053:13386:7428:97804:86382:68781:92058:81076:59873:78046:99616:29548:1768:36197:75752:39088:61522:99031:13277:95590:51683:18875:96821:27106:72081:7445:67071:51827:1739:23680:92781:61345:33958:97600:76089:71052:20634:88095:75175:80095:67208:98193:32345:91906:86564:69812:38818:25656:38622:63342:49056:76365:37856:2811:95263:70325:65029:58086:30827:4605:18986:81019:93981:72835:25877:,1
27617,290.0,239.0,101:95,1_virtual,290.842493,240.474494,78866:99657:13858:,1
54110,332.0,202.0,88:5,1_virtual,339.156466,200.381842,83146:39985:74124:19301:53991:64942:36794:81855:2669:42668:74746:14099:,1
14116,308.0,185.0,88:99,1_virtual,304.94565,184.788307,68331:3581:26980:26431:80358:59980:2535:92455:67092:87681:11949:17100:17391:85732:61299:29486:77823:34526:10761:20172:58620:85336:96460:64690:27377:37769:32955:50188:86931:67818:,1
59289,319.0,187.0,99:13,1_virtual,306.077556,181.726417,72307:16164:14088:73355:30514:91480:11061:46635:58765:24193:98863:28459:73025:64136:33377:13381:20743:48638:60597:47006:65506:57391:92185:73563:12543:,1
10197,222.0,130.0,99:22,1_virtual,216.991779,130.219811,66611:68034:19821:2037:32714:94580:59708:80418:41376:2227:95034:2659:98912:93514:90278:8892:85990:88938:30620:6237:62605:98283:52888:15931:43681:78930:97969:27406:12813:22626:94417:52689:14639:,1
80285,343.0,204.0,13:5,1_virtual,342.238159,205.594444,49070:43255:46282:62912:42006:85768:28138:33120:44315:46262:,1
95695,350.0,210.0,88:95,1_virtual,347.233413,210.050467,28421:74427:53460:60122:93523:82349:62193:46233:29159:99094:94741:49370:95305:81753:8883:49246:71255:34880:89269:,1
63749,361.0,212.0,13:95,1_virtual,362.971623,211.452847,20032:26862:96185:46754:73092:11776:41594:78887:77461:23837:83173:11426:44331:12747:48363:72457:27000:55501:19904:57786:50181:3194:55501:27305:,1
58352,388.0,214.0,88:13,1_virtual,389.688204,214.525514,N,1
56470,302.0,159.0,13:22,1_virtual,292.511771,160.224882,72761:45030:,1
70481,291.0,157.0,88:22,1_virtual,289.701592,155.541243,54840:35753:41610:39472:45060:,1
62237,317.0,241.0,88:101,1_virtual,318.76181,234.17121,70591:42520:74467:15218:97537:57253:90062:62988:1722:76649:4772:,1
58238,248.0,214.0,99:101,1_virtual,255.016972,208.227254,99551:52225:50909:86286:,1
43007,270.0,217.0,84:5,1_virtual,269.603088,216.159457,61154:49146:,1
80777,315.0,226.0,88:84,1_virtual,313.670121,231.954107,42042:85424:73198:66466:98706:65271:,1
89661,259.0,167.0,33:95,1_virtual,253.54014,169.247201,99485:64184:84668:53286:72694:32207:73686:57415:82290:47691:33529:87858:19037:6297:37313:42574:72601:54135:13824:71118:66313:34351:48750:20202:56785:39978:6652:22301:51258:58485:46156:39993:50327:71073:98488:71000:55772:35063:95317:23108:77138:90208:59184:95309:28980:73832:71356:6741:44948:16644:71000:9086:61987:96556:24231:26997:42567:71177:48608:18461:,1
31646,200.0,114.0,33:22,1_virtual,202.551192,111.362838,36399:,1
37582,313.0,193.0,88:99:95,1_virtual,302.353193,188.696934,73138:78125:67122:60279:27870:55676:62639:58568:42503:65544:94234:2566:80324:49328:17537:76073:71817:34043:64370:49882:9261:72511:24962:32722:9903:,1
2080,272.0,231.0,5:101,1_virtual,272.978859,230.360559,39594:24673:,1
45414,231.0,186.0,101:22,1_virtual,227.235674,189.679284,N,1
98213,288.0,225.0,84:95,1_virtual,281.103199,222.600773,40972:41639:7398:74707:66719:,1
47468,246.0,199.0,99:84,1_virtual,246.268762,200.090895,36148:,1
13148,299.0,227.0,49:5,1_virtual,301.552546,226.93547,97994:24732:8684:99202:,1
78744,275.0,210.0,49:99,1_virtual,273.744884,211.031755,5149:28352:2175:34395:,1
27386,281.0,183.0,99:95,1_virtual,273.541481,183.542203,47317:72888:56960:91751:72389:17068:92221:95402:62986:91913:48701:92505:98857:96135:5920:77695:64505:74364:8425:57346:80051:72195:65115:59858:56726:67962:65444:75824:57036:2850:63929:90874:62761:3225:46897:35867:94907:70639:75150:7981:14766:78107:52897:21402:98396:70124:67665:69351:35579:45819:91338:84916:74985:33244:14982:76983:69139:18097:54143:35389:91494:97751:51787:62829:66268:55414:4716:12674:33045:13551:22973:71580:57748:55847:,1
7033,217.0,141.0,33:99,1_virtual,213.368771,138.99126,9358:25396:17013:82796:55660:90036:8565:69620:,1
23286,242.0,126.0,120:22,1_virtual,241.498669,125.513793,N,1
74000,239.0,172.0,32:99,1_virtual,233.787602,176.484897,89703:33964:96116:96883:52666:65183:98008:88168:79682:15734:8842:63866:57075:,1
38302,307.0,199.0,32:88,1_virtual,309.788537,205.727901,30231:9271:7450:80366:1751:59892:4709:55400:22623:84395:54878:91380:42441:84644:10648:98746:97279:,1
22899,244.0,160.0,32:5:22,1_virtual,244.948061,162.320933,47000:96149:38036:53605:35033:63005:13863:51817:97634:83410:4670:49684:61073:41226:80873:9876:20140:38492:93778:45014:34660:49487:20652:75474:62655:5245:,1
33673,282.0,251.0,49:84,1_virtual,284.759421,248.20271,38135:,1
80261,248.0,228.0,32:101,1_virtual,259.282055,236.453814,13480:,1
16706,302.0,174.0,88:22:95,1_virtual,302.782344,177.268189,92033:80753:40525:,1
87028,222.0,144.0,32:22,1_virtual,222.970679,147.009677,21949:89212:29948:59000:11599:65486:15196:73911:17789:49933:66491:47108:68873:11034:28559:8383:70607:10897:82780:21994:35437:81476:13436:92618:,1
54549,307.0,225.0,88:101:5,1_virtual,303.034402,224.469712,76227:60472:33938:33978:,1
52711,278.0,240.0,84:101:95,1_virtual,280.994605,236.462391,N,1
99396,263.0,189.0,32:5,1_virtual,266.014574,190.375833,24217:3586:10405:7435:37425:53096:73336:12676:58991:3911:66556:81662:95630:59668:32090:32337:41839:70596:1633:62476:72072:,1
21135,291.0,209.0,49:99:95,1_virtual,288.446353,211.872477,75452:10210:69473:70953:56954:96154:59233:26245:61388:42910:3029:,1
58286,307.0,221.0,49:5:95,1_virtual,303.034402,220.18588,93178:,1
55506,352.0,135.0,92:95,1_virtual,375.613182,149.886502,65152:22509:22364:,1
4697,230.0,172.0,84:22,1_virtual,229.198362,168.632237,63927:95463:,1
45783,217.0,155.0,32:33,1_virtual,218.561262,155.067329,31308:10337:56440:90082:,1
14868,343.0,237.0,88:49,1_virtual,342.283863,235.228159,80417:69840:94672:,1
53486,261.0,216.0,32:5:101,1_virtual,261.914261,216.256375,N,1
25143,237.0,137.0,120:33,1_virtual,242.392363,134.597826,98569:9456:95323:50192:15362:37988:88456:1807:60771:49922:70429:18132:8230:68191:47677:10148:12847:52989:8615:84364:32312:93422:21324:80479:,1
18889,260.0,197.0,99:84:5,1_virtual,259.505678,196.964106,46276:94639:46966:58908:10350:8479:50051:,1
88466,297.0,247.0,49:101:95,1_virtual,295.44438,246.774766,N,1
87808,255.0,255.0,84:101,1_virtual,252.303455,260.983072,N,1
45849,168.0,111.0,33:105,1_virtual,172.199352,111.307596,42704:33591:50942:64278:,1
11244,334.0,128.0,92:5,1_virtual,349.636582,164.698011,6210:50530:55948:92812:51074:22975:25737:66074:36557:37911:97113:,1
16716,233.0,153.0,105:95,1_virtual,233.021946,153.415407,27630:97133:81086:74499:80980:63997:94144:82591:56802:21773:74633:75125:21357:54188:34993:84937:31857:44346:67795:77792:32304:73330:12185:49119:95442:41646:16715:17297:74116:5320:57157:96532:42358:94530:39522:61517:8309:8534:77334:51864:61931:,1
90614,252.0,193.0,33:49,1_virtual,253.234912,196.646599,82727:42492:83330:25813:,1
86379,285.0,241.0,49:5:101,1_virtual,284.216445,236.64476,26973:58294:7457:55674:74564:17401:,1
81988,256.0,202.0,49:84:22,1_virtual,253.078613,204.7059,53211:35839:35839:,1
58082,283.0,171.0,120:5,1_virtual,293.251576,166.883131,59623:8167:71744:83130:82007:5235:69488:48402:25855:27589:4311:23307:52170:57531:75858:24587:,1
42227,296.0,183.0,120:5:95,1_virtual,298.542306,180.289302,83850:36358:52910:64390:99845:8224:89724:,1
48085,224.0,156.0,32:33:99,1_virtual,220.826276,151.866765,83617:67147:67348:80495:,1
62658,257.0,148.0,120:5:22,1_virtual,259.065212,147.523883,99169:53071:64248:54628:47825:66817:52012:40025:67195:96899:58260:,1
33401,226.0,126.0,120:33:22,1_virtual,231.048222,125.269662,5411:88201:58839:81427:58104:50048:85185:17735:83492:52940:73000:,1
43763,284.0,266.0,49:101,1_virtual,286.372605,264.865213,N,1
20247,327.0,177.0,88:13:22,1_virtual,340.699551,181.671941,13730:61334:,1
29614,253.0,156.0,120:33:5,1_virtual,250.836714,157.262675,25610:25190:97439:64484:45009:88732:29783:68200:15235:89013:27721:27350:69524:10442:76411:90878:80993:88593:86745:28310:83211:78759:21655:5877:3679:27098:29686:6106:10303:48236:47832:5255:44210:50610:55509:23579:41338:18462:97737:,1
64092,355.0,239.0,49:13,1_virtual,347.233413,231.469558,20000:6594:,1
17425,379.0,137.0,88:92,1_virtual,380.058282,139.488144,51259:74698:73879:57674:34295:55705:,1
95546,306.0,215.0,88:84:5,1_virtual,303.920712,217.52695,84939:12452:51104:91354:54998:1539:,1
73427,336.0,206.0,5:13:95,1_virtual,335.463536,209.477597,92522:53618:93278:49211:42900:87081:77729:49764:6617:19957:81052:43164:84930:33583:79671:2683:71058:33393:16589:1600:,1
45527,264.0,219.0,55554:101,2_virtual,265.241779,218.679324,98554:29456:98183:,1
93994,329.0,200.0,63749:52173:80285,2_virtual,337.034725,194.273799,16786:5173:45290:82698:59075:98182:32181:4673:56328:72726:53615:67482:26279:10089:42205:64975:98013:38190:1240:80759:89291:47622:78687:51254:5587:34919:50986:66131:26473:,1
34039,294.0,176.0,41941:80285,2_virtual,295.605502,173.922491,64428:92516:12390:69130:20177:6653:96277:53990:22717:88723:88218:38203:44158:60895:37058:98474:39534:95879:,1
92916,300.0,209.0,70481:49,2_virtual,297.421106,215.606612,29473:14471:52879:,1
11713,335.0,237.0,49:63749,2_virtual,333.435164,238.898196,90107:14294:32192:,1
96995,291.0,181.0,99:80285,2_virtual,294.045902,186.563746,75878:4145:92123:56563:61754:23095:68979:91516:34866:73267:76794:87817:99992:79398:52886:23019:20521:54867:89237:98439:54543:82019:37218:8508:15809:,1
13578,331.0,185.0,63749:56470,2_virtual,337.420496,188.10146,87062:24150:6906:8873:31812:53961:78361:45315:45666:73534:15534:4294:,1
38972,307.0,231.0,49:16442,2_virtual,304.06843,229.590614,82250:60697:65910:13378:,1
31147,260.0,212.0,27617:45414,2_virtual,258.780579,213.445753,31437:,1
65197,310.0,173.0,10197:13,2_virtual,304.882234,179.464997,63958:75670:95928:83817:93376:44484:,1
4058,266.0,196.0,49:10197,2_virtual,264.577206,200.838141,87866:,1
92628,299.0,243.0,49:98213,2_virtual,298.441172,243.817913,N,1
72076,289.0,200.0,47468:54110,2_virtual,292.873077,204.893878,17467:78455:19087:24699:39639:46526:44879:86364:59616:44459:,1
62938,256.0,143.0,70481:10197,2_virtual,255.137437,140.235728,56467:34071:,1
38584,261.0,200.0,2080:27617:10197,2_virtual,261.770066,199.201212,69081:71162:,1
45156,234.0,164.0,47468:10197,2_virtual,234.422616,166.5628,74798:32122:8300:83557:34794:,1
82575,297.0,223.0,49:80781,2_virtual,299.489077,219.407513,32124:95073:54539:,1
20602,294.0,251.0,49:52711,2_virtual,293.130126,249.97533,N,1
25555,236.0,182.0,33:52711,2_virtual,234.8195,180.374359,N,1
77035,277.0,211.0,49:22899,2_virtual,276.735225,213.986068,97725:,1
93136,298.0,175.0,70481:55554:54110,2_virtual,298.582565,174.489873,5857:37794:18174:24948:44013:,1
23204,341.0,216.0,88:58286,2_virtual,341.921345,209.633834,15371:59817:45130:,1
97472,279.0,220.0,16442:84,2_virtual,279.811783,220.553072,53852:88785:43841:31837:71746:,1
97191,355.0,133.0,94371:92,2_virtual,380.579236,129.452811,55250:,1
64007,340.0,169.0,55506:94371,2_virtual,347.193365,169.198675,85134:82342:,1
33584,358.0,225.0,13:70591,2_virtual,346.41377,220.500919,81134:3369:5602:95439:14638:22631:87890:19994:52690:4178:90296:4518:50482:46562:11300:,1
96773,227.0,170.0,33:53486,2_virtual,225.653122,168.927674,N,1
81242,272.0,224.0,49:33156,2_virtual,270.507656,222.10376,60058:1842:,1
84484,293.0,221.0,84:54110,2_virtual,294.565218,214.523345,27828:59878:70110:92304:35539:94985:2228:97340:84973:34593:,1
98177,301.0,208.0,42520:52173,2_virtual,307.61367,210.781147,64169:91181:83124:14961:49351:88537:63019:10382:98583:17216:,1
17460,314.0,246.0,42520:49,2_virtual,319.322227,252.825245,N,1
87522,271.0,210.0,42520:33156:53486,2_virtual,271.616588,208.929101,55492:29092:10888:64512:,1
37695,272.0,201.0,52173:53486,2_virtual,268.561728,205.911047,19240:20056:9793:23025:55678:94999:37558:32708:,1
95389,239.0,131.0,120:31646,2_virtual,240.44936,129.275759,22081:,1
39495,320.0,242.0,88466:14868,2_virtual,326.68936,238.011887,41650:98588:49504:52163:,1
12054,293.0,198.0,22899:14868,2_virtual,295.831338,199.530488,96021:81629:42889:93939:37775:73093:35872:86448:42212:,1
16031,211.0,122.0,7033:22,2_virtual,211.571835,116.146512,3488:93841:,1
94898,364.0,173.0,88:55506,2_virtual,370.982585,179.261752,53525:76126:,1
29746,361.0,187.0,88:6210,2_virtual,367.109121,189.263226,33418:25702:70151:69309:,1
91527,375.0,175.0,55506:13,2_virtual,374.094277,172.594103,29692:,1
63112,335.0,172.0,55506:6210:58286,2_virtual,344.59524,175.541663,40173:63449:43884:,1
86811,225.0,163.0,33:81988,2_virtual,223.092671,167.893645,37955:88046:38366:39552:,1
28999,199.0,149.0,105:81988,2_virtual,200.588866,148.173807,N,1
44639,215.0,161.0,105:98213,2_virtual,215.656135,159.449639,25668:,1
23716,281.0,208.0,56713:81988:98213,2_virtual,280.748847,214.235562,57732:42621:,1
98564,289.0,218.0,56713:52711,2_virtual,285.440157,216.278109,84079:92294:80905:,1
4065,263.0,209.0,81988:43007,2_virtual,261.235835,210.021317,91333:4065:21778:,1
4411,282.0,216.0,5:52711,2_virtual,283.720998,215.043212,N,1
32267,276.0,166.0,120:40516:5,2_virtual,284.986256,152.807715,66699:99089:59797:14918:38805:5352:91779:68101:17806:,1
86606,221.0,123.0,31646:10197:23286,2_virtual,221.105013,119.973451,99285:92930:34437:22908:40298:,1
80763,269.0,260.0,33673:101,2_virtual,275.06577,264.682845,N,1
37992,249.0,200.0,22899:84,2_virtual,248.309855,201.032938,N,1
90007,216.0,148.0,74000:33,2_virtual,210.732191,148.124568,N,1
51020,249.0,196.0,65425:84,2_virtual,247.361031,193.392151,15680:38755:18843:11106:84184:45482:35062:,1
48493,184.0,111.0,105:33401,2_virtual,185.207478,118.609685,95636:18463:48088:81774:1347:92807:8996:74780:6669:26962:82790:,1
58487,200.0,125.0,42320:105,2_virtual,197.61645,127.353831,32235:93596:87341:42171:,1
40220,228.0,163.0,32:7033,2_virtual,232.021775,166.358449,20700:39574:69310:49410:,1
35419,361.0,159.0,16442:92:13,2_virtual,360.502469,163.990764,72202:,1
94436,272.0,199.0,2080:55554,2_virtual,265.933747,202.618602,19034:83201:9137:,1
5726,359.0,145.0,80417:92,2_virtual,373.073125,154.252225,34089:31429:38360:,1
29428,199.0,122.0,105:62658,2_virtual,198.865557,118.312894,45986:51880:18239:43861:2328:,1
21440,264.0,206.0,38584:61154,3_virtual,264.143375,205.369254,80208:,1
17314,272.0,213.0,49:45156,3_virtual,271.998577,212.799359,83714:,1
36455,214.0,144.0,33:45156,3_virtual,210.584473,143.939215,N,1
13028,367.0,194.0,63112:13,3_virtual,370.982585,196.327759,59190:,1
68028,210.0,159.0,43841:105,3_virtual,208.664134,160.582146,26686:78430:,1
57904,202.0,153.0,4065:105,3_virtual,204.429543,152.014483,N,1
77636,267.0,217.0,4065:60058,3_virtual,267.40628,218.259346,N,1
53872,275.0,223.0,43841:60058,3_virtual,272.510628,221.037662,N,1
34213,277.0,217.0,4065:97994,3_virtual,276.953019,219.280629,23721:31650:97853:56138:20112:58781:,1
57635,327.0,121.0,80051:92,3_virtual,374.253031,113.458403,59669:28348:,1
4296,202.0,134.0,105:61522,3_virtual,195.118954,131.074943,55635:,1
35721,352.0,139.0,92:63439,3_virtual,356.323282,163.797879,56466:21171:6435:41354:38038:93532:,1
5697,209.0,141.0,105:65115,3_virtual,211.594265,141.393216,N,1
23868,294.0,242.0,49:31837,4_virtual,294.611438,242.966861,6730:,1
48579,246.0,187.0,15680:23355,4_virtual,240.375874,190.296456,86514:1933:97082:69225:70392:44679:,1
40390,257.0,211.0,84:96821,4_virtual,257.143707,211.297404,N,1
19956,209.0,157.0,105:34213,4_virtual,208.319458,157.283104,72929:14440:28504:77005:,1
33924,278.0,128.0,38360:31646,4_virtual,273.595503,142.476988,N,1
23015,293.0,138.0,38360:88201,4_virtual,278.801649,146.349755,3927:52288:81275:,1
14226,319.0,108.0,92:75510,4_virtual,367.823512,93.376079,N,1
90105,260.0,143.0,120:12847,4_virtual,262.142103,140.679926,86965:,1
49745,332.0,116.0,92:25855,4_virtual,372.903625,107.028884,67103:,1
52728,269.0,142.0,4294:22,5_virtual,269.222541,140.679926,N,1
76952,252.0,119.0,105:22364,5_virtual,243.600032,117.70873,85024:79872:,1
57969,188.0,134.0,105:8842,8_virtual,192.340638,136.631575,N,1
85974,221.0,165.0,38366:88046,9_virtual,217.627093,164.496124,N,1
