wifi,X,Y,parents,ID,restored_x,restored_y
66,13.949,16.375,N,N,-1,-1
96,62.374,59.313,N,N,-1,-1
105,142.814,97.329,N,N,-1,-1
33,194.916,125.425,N,N,-1,-1
99,239.844,158.207,N,N,-1,-1
5,287.395,193.229,N,N,-1,-1
95,323.59,208.748,N,N,-1,-1
88,376.773,212.234,N,N,-1,-1
19,102.488,48.308,N,N,-1,-1
22,205.899,103.487,N,N,-1,-1
120,279.519,149.801,N,N,-1,-1
67,370.983,159.94,N,N,-1,-1
92,381.397,63.134,N,N,-1,-1
49,310.951,262.358,N,N,-1,-1
101,257.355,270.201,N,N,-1,-1
84,254.126,241.349,N,N,-1,-1
4,276.312,228.59,N,N,-1,-1
32,239.106,185.931,N,N,-1,-1
13,399.251,216.457,N,N,-1,-1
98501,264.0,156.0,22:95,1_virtual,-1,-1
85864,246.0,148.0,5:22,1_virtual,-1,-1
5315,305.0,200.0,5:95,1_virtual,-1,-1
21242,272.0,168.0,5:22:95,1_virtual,-1,-1
63442,290.0,239.0,101:95,1_virtual,-1,-1
64564,332.0,202.0,88:5,1_virtual,-1,-1
20520,308.0,185.0,88:99,1_virtual,-1,-1
23251,319.0,187.0,99:13,1_virtual,-1,-1
37793,222.0,130.0,99:22,1_virtual,-1,-1
31812,283.0,186.0,99:5:95,1_virtual,-1,-1
8450,343.0,204.0,13:5,1_virtual,-1,-1
37314,350.0,210.0,88:95,1_virtual,-1,-1
12483,361.0,212.0,13:95,1_virtual,-1,-1
37048,388.0,214.0,88:13,1_virtual,-1,-1
33284,302.0,159.0,13:22,1_virtual,-1,-1
98032,291.0,157.0,88:22,1_virtual,-1,-1
20558,317.0,241.0,88:101,1_virtual,-1,-1
7065,248.0,214.0,99:101,1_virtual,-1,-1
25019,270.0,217.0,84:5,1_virtual,-1,-1
79616,315.0,226.0,88:84,1_virtual,-1,-1
72159,258.0,182.0,49:22,1_virtual,-1,-1
13966,317.0,235.0,49:95,1_virtual,-1,-1
95190,259.0,167.0,33:95,1_virtual,-1,-1
27281,200.0,114.0,33:22,1_virtual,-1,-1
16441,263.0,175.0,99:5,1_virtual,-1,-1
94561,313.0,193.0,88:99:95,1_virtual,-1,-1
27289,272.0,231.0,5:101,1_virtual,-1,-1
90828,231.0,186.0,101:22,1_virtual,-1,-1
25774,288.0,225.0,84:95,1_virtual,-1,-1
42475,246.0,199.0,99:84,1_virtual,-1,-1
33738,299.0,227.0,49:5,1_virtual,-1,-1
56594,275.0,210.0,49:99,1_virtual,-1,-1
67294,281.0,183.0,99:95,1_virtual,-1,-1
27887,217.0,141.0,33:99,1_virtual,-1,-1
67861,242.0,126.0,120:22,1_virtual,-1,-1
7315,259.0,154.0,120:99,1_virtual,-1,-1
5440,239.0,172.0,32:99,1_virtual,-1,-1
75046,259.0,167.0,120:32,1_virtual,-1,-1
10581,307.0,199.0,32:88,1_virtual,-1,-1
28846,244.0,160.0,32:5:22,1_virtual,-1,-1
31993,281.0,197.0,32:95,1_virtual,-1,-1
57897,282.0,251.0,49:84,1_virtual,-1,-1
74560,366.0,212.0,88:13:95,1_virtual,-1,-1
75444,274.0,157.0,88:99:22,1_virtual,-1,-1
54574,248.0,228.0,32:101,1_virtual,-1,-1
75999,241.0,159.0,33:5,1_virtual,-1,-1
13632,302.0,174.0,88:22:95,1_virtual,-1,-1
20262,249.0,179.0,84:5:22,1_virtual,-1,-1
80342,222.0,144.0,32:22,1_virtual,-1,-1
61873,307.0,225.0,88:101:5,1_virtual,-1,-1
58965,285.0,185.0,88:32:99,1_virtual,-1,-1
84841,278.0,240.0,84:101:95,1_virtual,-1,-1
48385,263.0,189.0,32:5,1_virtual,-1,-1
36292,279.0,204.0,49:99:5,1_virtual,-1,-1
3885,291.0,209.0,49:99:95,1_virtual,-1,-1
41080,307.0,221.0,49:5:95,1_virtual,-1,-1
98068,307.0,199.0,88:32,1_virtual,-1,-1
22306,267.0,184.0,32:99:95,1_virtual,-1,-1
85067,256.0,156.0,99:22:95,1_virtual,-1,-1
19753,313.0,202.0,88:32:95,1_virtual,-1,-1
65695,352.0,135.0,92:95,1_virtual,-1,-1
94921,329.0,204.0,88:5:95,1_virtual,-1,-1
39298,213.0,129.0,33:99:22,1_virtual,-1,-1
37017,230.0,172.0,84:22,1_virtual,-1,-1
83027,217.0,155.0,32:33,1_virtual,-1,-1
28581,343.0,237.0,88:49,1_virtual,-1,-1
93402,319.0,230.0,88:101:95,1_virtual,-1,-1
37654,261.0,216.0,32:5:101,1_virtual,-1,-1
44495,234.0,186.0,32:101:22,1_virtual,-1,-1
73132,343.0,204.0,5:13,1_virtual,-1,-1
31356,259.0,167.0,32:120,1_virtual,-1,-1
22551,237.0,137.0,120:33,1_virtual,-1,-1
85337,229.0,140.0,33:5:22,1_virtual,-1,-1
56667,246.0,213.0,32:84,1_virtual,-1,-1
37876,228.0,149.0,32:99:22,1_virtual,-1,-1
18252,280.0,195.0,88:101:22,1_virtual,-1,-1
79398,307.0,225.0,88:5:101,1_virtual,-1,-1
43773,260.0,197.0,99:84:5,1_virtual,-1,-1
50004,297.0,247.0,49:101:95,1_virtual,-1,-1
49075,283.0,195.0,32:5:95,1_virtual,-1,-1
41785,255.0,255.0,84:101,1_virtual,-1,-1
19872,168.0,111.0,33:105,1_virtual,-1,-1
21774,334.0,128.0,92:5,1_virtual,-1,-1
39340,346.0,162.0,49:92,1_virtual,-1,-1
4080,233.0,153.0,105:95,1_virtual,-1,-1
36048,174.0,100.0,105:22,1_virtual,-1,-1
14358,252.0,193.0,33:49,1_virtual,-1,-1
49535,285.0,241.0,49:5:101,1_virtual,-1,-1
75788,256.0,202.0,49:84:22,1_virtual,-1,-1
32634,301.0,197.0,32:88:5,1_virtual,-1,-1
31560,283.0,171.0,120:5,1_virtual,-1,-1
89175,301.0,179.0,120:95,1_virtual,-1,-1
70933,296.0,183.0,120:5:95,1_virtual,-1,-1
84414,268.0,167.0,120:99:5,1_virtual,-1,-1
75861,244.0,151.0,99:5:22,1_virtual,-1,-1
7317,224.0,156.0,32:33:99,1_virtual,-1,-1
36000,255.0,179.0,32:99:5,1_virtual,-1,-1
53715,238.0,144.0,120:33:99,1_virtual,-1,-1
64781,257.0,148.0,120:5:22,1_virtual,-1,-1
64049,226.0,126.0,120:33:22,1_virtual,-1,-1
76096,241.0,146.0,120:32:22,1_virtual,-1,-1
86961,241.0,137.0,120:99:22,1_virtual,-1,-1
71422,272.0,231.0,101:5,1_virtual,-1,-1
8314,284.0,266.0,49:101,1_virtual,-1,-1
47562,327.0,177.0,88:13:22,1_virtual,-1,-1
95697,240.0,158.0,33:99:5,1_virtual,-1,-1
20686,253.0,156.0,120:33:5,1_virtual,-1,-1
55427,256.0,166.0,32:22:95,1_virtual,-1,-1
5430,355.0,239.0,49:13,1_virtual,-1,-1
30352,337.0,227.0,88:49:95,1_virtual,-1,-1
72144,325.0,222.0,88:49:5,1_virtual,-1,-1
81065,379.0,137.0,88:92,1_virtual,-1,-1
45200,344.0,229.0,49:13:95,1_virtual,-1,-1
54917,288.0,214.0,84:5:95,1_virtual,-1,-1
71635,306.0,215.0,88:84:5,1_virtual,-1,-1
3780,318.0,220.0,88:84:95,1_virtual,-1,-1
20488,278.0,185.0,88:84:22,1_virtual,-1,-1
82130,336.0,206.0,5:13:95,1_virtual,-1,-1
80554,237.0,153.0,32:33:120,1_virtual,-1,-1
47425,252.0,164.0,32:99:120,1_virtual,-1,-1
15867,354.0,207.0,88:5:13,1_virtual,-1,-1
87101,191.0,127.0,105:99,1_virtual,-1,-1
36151,181.0,108.0,105:22:33,1_virtual,-1,-1
35296,241.0,146.0,32:120:22,1_virtual,-1,-1
77380,264.0,219.0,21242:101,2_virtual,-1,-1
13339,281.0,203.0,63442:21242,2_virtual,-1,-1
6945,316.0,198.0,37314:31812,2_virtual,-1,-1
51181,346.0,207.0,37314:8450,2_virtual,-1,-1
7790,273.0,171.0,31812:98501,2_virtual,-1,-1
64378,329.0,200.0,8450:12483:31812,2_virtual,-1,-1
88007,294.0,176.0,85864:8450,2_virtual,-1,-1
14368,319.0,190.0,85864:37314:12483,2_virtual,-1,-1
93440,264.0,167.0,85864:31812,2_virtual,-1,-1
54452,255.0,152.0,85864:98501,2_virtual,-1,-1
87440,300.0,209.0,98032:49,2_virtual,-1,-1
12642,335.0,237.0,49:12483,2_virtual,-1,-1
12026,300.0,185.0,99:12483,2_virtual,-1,-1
15167,291.0,181.0,8450:99,2_virtual,-1,-1
18541,331.0,191.0,98032:8450:12483,2_virtual,-1,-1
83590,322.0,181.0,8450:33284,2_virtual,-1,-1
73543,331.0,185.0,12483:33284,2_virtual,-1,-1
31848,296.0,158.0,98032:33284,2_virtual,-1,-1
18133,340.0,206.0,88:5315,2_virtual,-1,-1
76063,307.0,231.0,49:5315,2_virtual,-1,-1
64132,260.0,212.0,63442:90828,2_virtual,-1,-1
10525,290.0,198.0,98032:63442,2_virtual,-1,-1
79513,280.0,228.0,27289:25774,2_virtual,-1,-1
59540,310.0,173.0,37793:13,2_virtual,-1,-1
92875,365.0,209.0,64564:13,2_virtual,-1,-1
33993,251.0,208.0,27289:90828,2_virtual,-1,-1
3791,268.0,178.0,98032:42475,2_virtual,-1,-1
10135,266.0,196.0,37793:49,2_virtual,-1,-1
70211,299.0,243.0,49:25774,2_virtual,-1,-1
37315,259.0,215.0,27289:42475,2_virtual,-1,-1
95108,241.0,175.0,33:25774,2_virtual,-1,-1
31476,208.0,127.0,37793:33,2_virtual,-1,-1
49677,289.0,200.0,42475:64564,2_virtual,-1,-1
14985,289.0,191.0,98032:25774,2_virtual,-1,-1
11389,280.0,185.0,37793:64564:25774,2_virtual,-1,-1
63673,256.0,143.0,98032:37793,2_virtual,-1,-1
65661,311.0,220.0,63442:64564,2_virtual,-1,-1
72404,311.0,179.0,98032:64564,2_virtual,-1,-1
39016,261.0,200.0,37793:27289:63442,2_virtual,-1,-1
46026,289.0,232.0,63442:25774,2_virtual,-1,-1
58569,267.0,212.0,42475:25774,2_virtual,-1,-1
76478,234.0,164.0,37793:42475,2_virtual,-1,-1
68240,272.0,179.0,99:5315,2_virtual,-1,-1
50825,352.0,208.0,5315:13,2_virtual,-1,-1
25183,302.0,214.0,5:13966,2_virtual,-1,-1
83220,287.0,208.0,13966:72159,2_virtual,-1,-1
53960,279.0,197.0,37793:33738:13966,2_virtual,-1,-1
76845,303.0,197.0,31812:95,2_virtual,-1,-1
50910,219.0,135.0,37793:27887,2_virtual,-1,-1
61995,240.0,142.0,37793:7315,2_virtual,-1,-1
54196,328.0,204.0,88:31993,2_virtual,-1,-1
1287,280.0,173.0,120:31993,2_virtual,-1,-1
19932,241.0,159.0,99:28846,2_virtual,-1,-1
25243,260.0,177.0,31993:99,2_virtual,-1,-1
61475,261.0,154.0,120:28846,2_virtual,-1,-1
7722,310.0,186.0,88:28846,2_virtual,-1,-1
34196,262.0,178.0,31993:28846,2_virtual,-1,-1
76582,327.0,205.0,37314:5315,2_virtual,-1,-1
22044,232.0,128.0,37793:67861,2_virtual,-1,-1
11541,374.0,213.0,37314:13,2_virtual,-1,-1
10145,321.0,199.0,37314:64564:31812,2_virtual,-1,-1
77584,289.0,175.0,85864:64564,2_virtual,-1,-1
8484,298.0,179.0,85864:37314,2_virtual,-1,-1
75087,297.0,223.0,49:58965,2_virtual,-1,-1
43827,294.0,251.0,84841:49,2_virtual,-1,-1
50919,321.0,188.0,13:28846,2_virtual,-1,-1
90878,275.0,192.0,61873:28846,2_virtual,-1,-1
83212,219.0,142.0,33:28846,2_virtual,-1,-1
66956,338.0,228.0,84841:13,2_virtual,-1,-1
81799,342.0,200.0,58965:13,2_virtual,-1,-1
89538,236.0,182.0,84841:33,2_virtual,-1,-1
34526,296.0,205.0,61873:58965,2_virtual,-1,-1
40126,269.0,195.0,84841:58965:28846,2_virtual,-1,-1
86108,283.0,191.0,31993:58965,2_virtual,-1,-1
23284,277.0,211.0,49:28846,2_virtual,-1,-1
41271,335.0,192.0,21242:13,2_virtual,-1,-1
90180,341.0,206.0,37314:64564,2_virtual,-1,-1
48561,345.0,186.0,98032:13,2_virtual,-1,-1
9653,298.0,175.0,98032:21242:64564,2_virtual,-1,-1
52175,264.0,181.0,37793:36292:3885,2_virtual,-1,-1
46652,274.0,195.0,3885:72159,2_virtual,-1,-1
98312,268.0,193.0,36292:72159,2_virtual,-1,-1
29271,240.0,156.0,37793:72159,2_virtual,-1,-1
20954,268.0,213.0,31812:84,2_virtual,-1,-1
91867,273.0,189.0,41080:99,2_virtual,-1,-1
52771,341.0,216.0,41080:88,2_virtual,-1,-1
93772,250.0,139.0,120:37793,2_virtual,-1,-1
26761,283.0,184.0,28846:95,2_virtual,-1,-1
78864,329.0,199.0,88:31812,2_virtual,-1,-1
50325,269.0,175.0,99:28846:95,2_virtual,-1,-1
43793,263.0,173.0,31812:28846,2_virtual,-1,-1
79365,265.0,176.0,5:28846,2_virtual,-1,-1
58265,355.0,211.0,37048:95,2_virtual,-1,-1
65154,279.0,220.0,5315:84,2_virtual,-1,-1
80310,318.0,201.0,37314:5,2_virtual,-1,-1
71434,284.0,181.0,94921:99,2_virtual,-1,-1
79162,355.0,133.0,94921:92,2_virtual,-1,-1
17099,323.0,219.0,94921:13966,2_virtual,-1,-1
91259,306.0,195.0,94921:31812,2_virtual,-1,-1
41128,340.0,169.0,94921:65695,2_virtual,-1,-1
88096,364.0,210.0,94921:13,2_virtual,-1,-1
65501,319.0,233.0,94921:49,2_virtual,-1,-1
30706,358.0,225.0,13:13966,2_virtual,-1,-1
18911,219.0,136.0,27281:99,2_virtual,-1,-1
74126,277.0,177.0,21242:31812,2_virtual,-1,-1
82280,311.0,189.0,37314:21242,2_virtual,-1,-1
15183,299.0,172.0,85864:98032:12483,2_virtual,-1,-1
91215,277.0,156.0,98032:98501,2_virtual,-1,-1
70498,258.0,186.0,31812:44495,2_virtual,-1,-1
70736,214.0,155.0,33:44495,2_virtual,-1,-1
28577,244.0,213.0,84:44495,2_virtual,-1,-1
49164,256.0,177.0,33:93402,2_virtual,-1,-1
53596,227.0,170.0,33:37654,2_virtual,-1,-1
88490,257.0,228.0,84:37654,2_virtual,-1,-1
99295,272.0,224.0,49:44495,2_virtual,-1,-1
69469,321.0,232.0,49:64564,2_virtual,-1,-1
7627,302.0,185.0,21242:64564,2_virtual,-1,-1
11580,293.0,221.0,64564:84,2_virtual,-1,-1
71715,301.0,208.0,93402:31812,2_virtual,-1,-1
25887,314.0,246.0,49:93402,2_virtual,-1,-1
97140,283.0,194.0,64564:44495,2_virtual,-1,-1
56323,271.0,210.0,93402:37654:44495,2_virtual,-1,-1
49828,325.0,216.0,93402:64564,2_virtual,-1,-1
96646,296.0,209.0,64564:37654,2_virtual,-1,-1
14706,272.0,201.0,31812:37654,2_virtual,-1,-1
14020,269.0,192.0,33738:99,2_virtual,-1,-1
68088,291.0,214.0,33738:13966:72159,2_virtual,-1,-1
2642,324.0,202.0,12483:5,2_virtual,-1,-1
78752,374.0,213.0,37048:12483,2_virtual,-1,-1
9957,346.0,223.0,88:13966,2_virtual,-1,-1
82416,239.0,131.0,120:27281,2_virtual,-1,-1
39430,270.0,182.0,31993:75046,2_virtual,-1,-1
9893,255.0,151.0,5315:22,2_virtual,-1,-1
72494,252.0,157.0,27281:5315,2_virtual,-1,-1
91006,272.0,192.0,32:5315,2_virtual,-1,-1
51310,295.0,171.0,88:5315:22,2_virtual,-1,-1
8901,365.0,136.0,37314:92,2_virtual,-1,-1
52491,264.0,159.0,5:67861,2_virtual,-1,-1
40738,333.0,222.0,41080:37314:28581,2_virtual,-1,-1
40431,369.0,212.0,37048:37314,2_virtual,-1,-1
4059,220.0,136.0,27281:75999,2_virtual,-1,-1
30253,261.0,161.0,27281:95,2_virtual,-1,-1
65539,284.0,178.0,85864:95,2_virtual,-1,-1
63553,262.0,148.0,85864:120,2_virtual,-1,-1
21125,220.0,136.0,85864:33,2_virtual,-1,-1
21455,266.0,192.0,25774:28846,2_virtual,-1,-1
61771,248.0,142.0,33:33284,2_virtual,-1,-1
24603,301.0,217.0,43773:28581,2_virtual,-1,-1
82524,300.0,193.0,8450:72159,2_virtual,-1,-1
12625,314.0,203.0,8450:33284:50004,2_virtual,-1,-1
19291,278.0,222.0,50004:43773,2_virtual,-1,-1
54579,283.0,197.0,20520:50004:28846,2_virtual,-1,-1
17435,320.0,242.0,50004:28581,2_virtual,-1,-1
65808,297.0,208.0,8450:43773:25774,2_virtual,-1,-1
49400,268.0,172.0,33284:43773:28846,2_virtual,-1,-1
13502,293.0,198.0,28581:28846,2_virtual,-1,-1
65518,284.0,191.0,20520:43773,2_virtual,-1,-1
52312,317.0,193.0,20520:33284:28581,2_virtual,-1,-1
11420,331.0,208.0,20520:8450:28581,2_virtual,-1,-1
83887,293.0,182.0,8450:28846,2_virtual,-1,-1
32465,295.0,192.0,33284:25774,2_virtual,-1,-1
44043,259.0,161.0,37793:21242:31812,2_virtual,-1,-1
73078,251.0,157.0,99:98501,2_virtual,-1,-1
39085,352.0,208.0,8450:12483,2_virtual,-1,-1
78259,312.0,188.0,94921:8450:98501,2_virtual,-1,-1
18844,300.0,210.0,31812:13966,2_virtual,-1,-1
99809,244.0,144.0,31812:22,2_virtual,-1,-1
8837,285.0,238.0,84:13966,2_virtual,-1,-1
96282,261.0,176.0,99:49075,2_virtual,-1,-1
67669,245.0,154.0,85864:28846,2_virtual,-1,-1
61867,311.0,180.0,85864:88,2_virtual,-1,-1
91299,264.0,171.0,85864:49075,2_virtual,-1,-1
45623,208.0,127.0,27281:27887,2_virtual,-1,-1
99070,261.0,173.0,37793:36292:31812,2_virtual,-1,-1
88356,270.0,184.0,31812:72159,2_virtual,-1,-1
72498,254.0,158.0,98501:28846,2_virtual,-1,-1
49757,252.0,167.0,5:27887,2_virtual,-1,-1
16547,248.0,145.0,120:27887,2_virtual,-1,-1
29457,343.0,131.0,5315:92,2_virtual,-1,-1
26654,311.0,217.0,5315:13966,2_virtual,-1,-1
76951,248.0,157.0,99:27281:5315,2_virtual,-1,-1
5940,211.0,122.0,22:27887,2_virtual,-1,-1
40628,261.0,170.0,5315:27887,2_virtual,-1,-1
42056,242.0,148.0,5315:22:27887,2_virtual,-1,-1
13983,171.0,105.0,27281:105,2_virtual,-1,-1
56589,365.0,209.0,37048:8450,2_virtual,-1,-1
45849,364.0,173.0,88:65695,2_virtual,-1,-1
46324,361.0,187.0,88:39340,2_virtual,-1,-1
70745,375.0,175.0,13:65695,2_virtual,-1,-1
75404,372.0,189.0,39340:13,2_virtual,-1,-1
44725,335.0,172.0,41080:39340:65695,2_virtual,-1,-1
46270,274.0,228.0,84841:25019,2_virtual,-1,-1
97331,225.0,163.0,33:75788,2_virtual,-1,-1
6802,327.0,209.0,75788:13,2_virtual,-1,-1
22292,221.0,147.0,105:32634,2_virtual,-1,-1
50574,268.0,181.0,33:28581,2_virtual,-1,-1
79264,199.0,149.0,105:75788,2_virtual,-1,-1
51832,215.0,161.0,105:25774,2_virtual,-1,-1
98464,247.0,161.0,33:32634,2_virtual,-1,-1
24674,371.0,226.0,13:28581,2_virtual,-1,-1
14113,281.0,208.0,32634:75788:25774,2_virtual,-1,-1
32758,289.0,218.0,84841:32634,2_virtual,-1,-1
83938,315.0,231.0,28581:25774,2_virtual,-1,-1
48937,292.0,226.0,84841:75788:28581,2_virtual,-1,-1
7829,252.0,208.0,7065:75788,2_virtual,-1,-1
51463,297.0,216.0,7065:32634:28581,2_virtual,-1,-1
24607,271.0,226.0,84841:7065:25774,2_virtual,-1,-1
66818,290.0,197.0,93402:21242:18252,2_virtual,-1,-1
49134,302.0,235.0,93402:49535,2_virtual,-1,-1
4406,282.0,218.0,18252:49535,2_virtual,-1,-1
57384,279.0,221.0,25019:25774,2_virtual,-1,-1
60912,263.0,209.0,25019:75788,2_virtual,-1,-1
39252,317.0,180.0,98032:8450,2_virtual,-1,-1
17859,349.0,207.0,74560:64564,2_virtual,-1,-1
15386,302.0,185.0,74560:99,2_virtual,-1,-1
29324,322.0,199.0,74560:8450:72159,2_virtual,-1,-1
68840,328.0,184.0,74560:98032,2_virtual,-1,-1
76059,313.0,195.0,8450:31812,2_virtual,-1,-1
1760,307.0,194.0,31812:64564,2_virtual,-1,-1
2092,275.0,174.0,98501:5,2_virtual,-1,-1
9471,282.0,216.0,84841:5,2_virtual,-1,-1
70039,271.0,152.0,120:98501,2_virtual,-1,-1
13272,276.0,166.0,120:5:98501,2_virtual,-1,-1
72216,275.0,204.0,84841:21242,2_virtual,-1,-1
64571,311.0,180.0,88:85864,2_virtual,-1,-1
60562,231.0,146.0,33:84414,2_virtual,-1,-1
64587,229.0,140.0,33:98501,2_virtual,-1,-1
58792,282.0,183.0,5315:75046,2_virtual,-1,-1
1612,331.0,186.0,98501:13,2_virtual,-1,-1
20880,320.0,184.0,88:98501,2_virtual,-1,-1
70009,340.0,206.0,31993:13,2_virtual,-1,-1
50451,273.0,163.0,5315:67861,2_virtual,-1,-1
17078,322.0,189.0,88:84414,2_virtual,-1,-1
39956,318.0,201.0,5315:64564,2_virtual,-1,-1
95227,271.0,173.0,31993:98501:84414,2_virtual,-1,-1
78893,293.0,198.0,31993:5315,2_virtual,-1,-1
18924,284.0,178.0,5315:98501,2_virtual,-1,-1
22327,238.0,161.0,32:22551,2_virtual,-1,-1
75969,219.0,149.0,32:27281,2_virtual,-1,-1
61207,238.0,147.0,99:22551,2_virtual,-1,-1
20484,261.0,185.0,32:31812,2_virtual,-1,-1
73512,246.0,158.0,36000:22551,2_virtual,-1,-1
75171,218.0,125.0,27281:22551,2_virtual,-1,-1
91572,326.0,202.0,74560:5,2_virtual,-1,-1
26342,255.0,163.0,21242:99,2_virtual,-1,-1
47027,248.0,170.0,99:72159,2_virtual,-1,-1
95536,278.0,196.0,99:13966,2_virtual,-1,-1
58614,282.0,195.0,21242:13966:72159,2_virtual,-1,-1
98461,230.0,157.0,32:37793,2_virtual,-1,-1
54012,221.0,123.0,27281:37793:67861,2_virtual,-1,-1
21517,344.0,142.0,41080:92,2_virtual,-1,-1
96763,328.0,215.0,41080:37314,2_virtual,-1,-1
98113,224.0,131.0,28846:22,2_virtual,-1,-1
87807,355.0,211.0,37314:12483,2_virtual,-1,-1
89241,330.0,236.0,49:37314,2_virtual,-1,-1
87043,229.0,134.0,27281:7315,2_virtual,-1,-1
50364,226.0,136.0,27281:75999:22551,2_virtual,-1,-1
53767,248.0,145.0,7315:22551,2_virtual,-1,-1
89385,250.0,156.0,7315:75999,2_virtual,-1,-1
92752,336.0,188.0,41080:37314:65695,2_virtual,-1,-1
29182,269.0,260.0,57897:101,2_virtual,-1,-1
83785,368.0,212.0,88:12483,2_virtual,-1,-1
30208,276.0,201.0,25019:31812,2_virtual,-1,-1
36822,307.0,183.0,37314:98501,2_virtual,-1,-1
5028,296.0,212.0,25019:95,2_virtual,-1,-1
53567,249.0,200.0,84:28846,2_virtual,-1,-1
19339,353.0,218.0,41080:13,2_virtual,-1,-1
88238,253.0,167.0,41080:27281,2_virtual,-1,-1
18835,319.0,211.0,41080:64564,2_virtual,-1,-1
93067,287.0,176.0,85864:94921,2_virtual,-1,-1
11585,344.0,206.0,94921:8450:12483,2_virtual,-1,-1
61107,303.0,180.0,85864:12483,2_virtual,-1,-1
98995,294.0,236.0,64564:101,2_virtual,-1,-1
99169,279.0,172.0,37793:64564:31812,2_virtual,-1,-1
52210,286.0,170.0,37793:37314,2_virtual,-1,-1
34528,299.0,172.0,85864:98501:37048,2_virtual,-1,-1
42851,235.0,136.0,64049:7315:37793,2_virtual,-1,-1
79534,216.0,148.0,5440:33,2_virtual,-1,-1
41711,273.0,175.0,49075:98501,2_virtual,-1,-1
51043,308.0,179.0,88:76096,2_virtual,-1,-1
16238,249.0,196.0,84:75861,2_virtual,-1,-1
89724,310.0,181.0,88:75861,2_virtual,-1,-1
96917,329.0,191.0,31560:88,2_virtual,-1,-1
58807,238.0,148.0,31560:33,2_virtual,-1,-1
40243,307.0,192.0,5440:88,2_virtual,-1,-1
5227,262.0,157.0,31560:76096:98501,2_virtual,-1,-1
31154,263.0,161.0,31560:75861,2_virtual,-1,-1
98480,249.0,159.0,5440:75861:98501,2_virtual,-1,-1
25086,219.0,138.0,33:75861,2_virtual,-1,-1
95553,261.0,171.0,5440:31560,2_virtual,-1,-1
9752,184.0,111.0,105:64049,2_virtual,-1,-1
79785,200.0,125.0,105:7315,2_virtual,-1,-1
85239,256.0,150.0,31560:64049:7315,2_virtual,-1,-1
20292,264.0,159.0,85864:31560,2_virtual,-1,-1
62599,354.0,208.0,74560:8450,2_virtual,-1,-1
70470,273.0,203.0,32:41080,2_virtual,-1,-1
30202,248.0,164.0,41080:27281:99,2_virtual,-1,-1
74072,275.0,162.0,27281:37314,2_virtual,-1,-1
18554,248.0,173.0,32:27281:41080,2_virtual,-1,-1
69936,293.0,185.0,41080:120,2_virtual,-1,-1
14169,275.0,176.0,41080:99:120,2_virtual,-1,-1
89081,283.0,187.0,41080:7315,2_virtual,-1,-1
91856,255.0,163.0,41080:27281:7315,2_virtual,-1,-1
54998,228.0,163.0,32:27887,2_virtual,-1,-1
64506,243.0,153.0,27281:5,2_virtual,-1,-1
77108,237.0,160.0,25019:22,2_virtual,-1,-1
47653,323.0,214.0,88:25019,2_virtual,-1,-1
30305,390.0,139.0,92:13,2_virtual,-1,-1
19816,361.0,159.0,5315:92:13,2_virtual,-1,-1
89991,171.0,105.0,105:27281,2_virtual,-1,-1
57726,241.0,150.0,27281:31812,2_virtual,-1,-1
65792,252.0,158.0,37793:31812,2_virtual,-1,-1
2247,211.0,122.0,27281:37793,2_virtual,-1,-1
95978,235.0,143.0,27281:37793:31812,2_virtual,-1,-1
57886,277.0,156.0,37314:22,2_virtual,-1,-1
15997,268.0,186.0,5:20262,2_virtual,-1,-1
22514,286.0,193.0,20262:95,2_virtual,-1,-1
27994,259.0,198.0,25019:20262,2_virtual,-1,-1
3642,337.0,203.0,37048:5,2_virtual,-1,-1
39132,349.0,238.0,37048:49,2_virtual,-1,-1
49194,287.0,208.0,5315:25019,2_virtual,-1,-1
50854,267.0,186.0,25019:98501,2_virtual,-1,-1
66123,275.0,174.0,5:98501,2_virtual,-1,-1
10429,274.0,183.0,120:25019,2_virtual,-1,-1
61173,336.0,204.0,94921:8450,2_virtual,-1,-1
35383,279.0,169.0,85864:94921:98501,2_virtual,-1,-1
41822,303.0,180.0,8450:98501,2_virtual,-1,-1
27424,287.0,208.0,25019:5315,2_virtual,-1,-1
34762,272.0,199.0,27289:21242,2_virtual,-1,-1
74615,294.0,197.0,32:37314,2_virtual,-1,-1
66356,318.0,193.0,37314:21242:64564,2_virtual,-1,-1
87624,292.0,174.0,120:5315,2_virtual,-1,-1
77668,274.0,180.0,5315:28846,2_virtual,-1,-1
75334,230.0,143.0,95697:39298:53715,2_virtual,-1,-1
98453,280.0,245.0,84841:57897,2_virtual,-1,-1
62731,249.0,162.0,99:75046,2_virtual,-1,-1
1561,242.0,153.0,85864:99,2_virtual,-1,-1
32081,317.0,189.0,88:75046,2_virtual,-1,-1
25784,226.0,146.0,33:75046,2_virtual,-1,-1
10707,316.0,189.0,88:55427,2_virtual,-1,-1
31943,253.0,160.0,85864:55427:75046,2_virtual,-1,-1
12152,368.0,221.0,30352:13,2_virtual,-1,-1
76289,359.0,145.0,30352:92,2_virtual,-1,-1
35893,356.0,132.0,92:64564,2_virtual,-1,-1
22528,324.0,209.0,30352:5315:64564,2_virtual,-1,-1
17933,261.0,169.0,13966:22,2_virtual,-1,-1
86844,349.0,149.0,92:13966,2_virtual,-1,-1
15099,333.0,222.0,37314:13966,2_virtual,-1,-1
52471,249.0,162.0,33:5315,2_virtual,-1,-1
63010,263.0,151.0,120:5315:22,2_virtual,-1,-1
42167,271.0,168.0,5315:22551,2_virtual,-1,-1
71838,239.0,131.0,67861:22551,2_virtual,-1,-1
22136,261.0,154.0,5315:67861:22551,2_virtual,-1,-1
58765,265.0,163.0,64049:5315,2_virtual,-1,-1
19619,240.0,155.0,32:67861,2_virtual,-1,-1
39979,262.0,170.0,32:5315:67861,2_virtual,-1,-1
95873,232.0,142.0,64049:99,2_virtual,-1,-1
73231,256.0,161.0,64049:99:5315,2_virtual,-1,-1
20206,226.0,157.0,32:39298,2_virtual,-1,-1
38068,227.0,127.0,39298:67861,2_virtual,-1,-1
46976,240.0,148.0,28846:22551,2_virtual,-1,-1
43842,226.0,147.0,33:99:28846,2_virtual,-1,-1
54743,351.0,172.0,37314:65695,2_virtual,-1,-1
46630,259.0,198.0,84:98501,2_virtual,-1,-1
88825,340.0,145.0,33738:92,2_virtual,-1,-1
60392,291.0,193.0,45200:99,2_virtual,-1,-1
45208,362.0,150.0,92:28581,2_virtual,-1,-1
68551,291.0,197.0,99:28581,2_virtual,-1,-1
98983,328.0,231.0,45200:33738:28581,2_virtual,-1,-1
39769,362.0,146.0,45200:92,2_virtual,-1,-1
3157,235.0,143.0,64049:28846,2_virtual,-1,-1
66145,222.0,137.0,27281:28846,2_virtual,-1,-1
5597,241.0,141.0,120:27281:28846,2_virtual,-1,-1
85003,243.0,143.0,67861:28846,2_virtual,-1,-1
65518,233.0,145.0,37793:28846,2_virtual,-1,-1
73344,248.0,146.0,120:37793:28846,2_virtual,-1,-1
37731,352.0,224.0,37048:13966,2_virtual,-1,-1
65093,340.0,228.0,37048:49:95,2_virtual,-1,-1
37332,313.0,186.0,37048:99,2_virtual,-1,-1
62680,301.0,225.0,79616:25774,2_virtual,-1,-1
28788,287.0,209.0,5:25774,2_virtual,-1,-1
14681,303.0,189.0,31560:95,2_virtual,-1,-1
45921,255.0,152.0,120:27281:5,2_virtual,-1,-1
97369,302.0,225.0,37314:84,2_virtual,-1,-1
25848,306.0,188.0,37314:5315:98501,2_virtual,-1,-1
75019,280.0,196.0,21242:25774,2_virtual,-1,-1
68921,285.0,180.0,99:64564,2_virtual,-1,-1
24459,298.0,179.0,64564:98501,2_virtual,-1,-1
53764,293.0,221.0,84:64564,2_virtual,-1,-1
52737,301.0,209.0,25019:64564,2_virtual,-1,-1
23756,327.0,205.0,64564:95,2_virtual,-1,-1
77345,246.0,139.0,120:39298,2_virtual,-1,-1
38077,328.0,181.0,88:120,2_virtual,-1,-1
10698,314.0,185.0,88:120:5,2_virtual,-1,-1
60074,331.0,186.0,13:98501,2_virtual,-1,-1
2980,308.0,179.0,76096:88,2_virtual,-1,-1
24840,217.0,135.0,76096:33,2_virtual,-1,-1
92760,261.0,164.0,31560:99,2_virtual,-1,-1
82511,269.0,170.0,31560:76096:49075,2_virtual,-1,-1
81936,240.0,152.0,76096:99,2_virtual,-1,-1
6208,334.0,204.0,82130:64564,2_virtual,-1,-1
12166,294.0,182.0,82130:31812:98501,2_virtual,-1,-1
68743,307.0,194.0,64564:31812,2_virtual,-1,-1
83848,199.0,122.0,105:64781,2_virtual,-1,-1
89997,266.0,162.0,7315:31812:64781,2_virtual,-1,-1
8996,249.0,153.0,64781:75999,2_virtual,-1,-1
9788,262.0,172.0,31812:75999,2_virtual,-1,-1
26149,182.0,113.0,37793:105,2_virtual,-1,-1
87898,267.0,157.0,120:27281:95,2_virtual,-1,-1
30927,198.0,115.0,36048:37793,2_virtual,-1,-1
6945,211.0,122.0,37793:27281,2_virtual,-1,-1
67678,221.0,120.0,27281:67861,2_virtual,-1,-1
54582,258.0,174.0,27281:13966,2_virtual,-1,-1
98873,324.0,215.0,37314:5315:13966,2_virtual,-1,-1
28414,244.0,137.0,31560:22,2_virtual,-1,-1
56964,261.0,178.0,31560:32,2_virtual,-1,-1
19473,341.0,193.0,31560:13,2_virtual,-1,-1
80843,294.0,184.0,37314:99,2_virtual,-1,-1
36323,227.0,133.0,31560:33:22,2_virtual,-1,-1
57974,316.0,190.0,31560:37314,2_virtual,-1,-1
17289,252.0,150.0,31560:37793,2_virtual,-1,-1
60096,241.0,171.0,84841:22,2_virtual,-1,-1
4929,273.0,180.0,5:75046,2_virtual,-1,-1
36089,239.0,149.0,32:27281:120,2_virtual,-1,-1
37594,240.0,148.0,37793:75046,2_virtual,-1,-1
70893,224.0,159.0,41080:105,2_virtual,-1,-1
89682,256.0,162.0,41080:22,2_virtual,-1,-1
17238,294.0,193.0,5315:31812,2_virtual,-1,-1
25618,259.0,160.0,5440:120,2_virtual,-1,-1
41190,193.0,128.0,105:28846,2_virtual,-1,-1
26433,179.0,119.0,105:27887,2_virtual,-1,-1
44341,191.0,117.0,86961:105,2_virtual,-1,-1
18181,247.0,149.0,31560:86961:27887,2_virtual,-1,-1
14865,254.0,161.0,37793:5,2_virtual,-1,-1
88784,229.0,140.0,27281:75046,2_virtual,-1,-1
68523,246.0,153.0,105:37314,2_virtual,-1,-1
67322,287.0,164.0,31560:98032,2_virtual,-1,-1
77209,294.0,185.0,31560:5315,2_virtual,-1,-1
32423,262.0,166.0,31560:28846:75046,2_virtual,-1,-1
37643,274.0,153.0,8450:22,2_virtual,-1,-1
49676,267.0,153.0,94921:22,2_virtual,-1,-1
80069,278.0,205.0,85864:49,2_virtual,-1,-1
66543,240.0,161.0,32:86961,2_virtual,-1,-1
82769,217.0,131.0,86961:33,2_virtual,-1,-1
59340,241.0,142.0,31560:27281,2_virtual,-1,-1
83598,240.0,142.0,99:67861,2_virtual,-1,-1
54332,218.0,125.0,33:67861,2_virtual,-1,-1
83925,225.0,136.0,33:99:67861,2_virtual,-1,-1
86384,208.0,127.0,33:37793,2_virtual,-1,-1
77647,243.0,143.0,37793:98501,2_virtual,-1,-1
57021,256.0,157.0,37793:31812:98501,2_virtual,-1,-1
51480,359.0,208.0,88:8450,2_virtual,-1,-1
72021,241.0,142.0,67861:75999,2_virtual,-1,-1
42045,227.0,133.0,27281:67861:75999,2_virtual,-1,-1
4669,364.0,210.0,37048:8450:12483,2_virtual,-1,-1
49958,276.0,186.0,41080:98501:72159,2_virtual,-1,-1
41493,237.0,149.0,105:64564,2_virtual,-1,-1
36788,242.0,167.0,105:28581,2_virtual,-1,-1
92437,220.0,125.0,86961:27281,2_virtual,-1,-1
88288,243.0,142.0,85864:86961,2_virtual,-1,-1
35940,251.0,163.0,75046:28846,2_virtual,-1,-1
24761,291.0,187.0,75046:95,2_virtual,-1,-1
48631,329.0,211.0,41080:37314:64564,2_virtual,-1,-1
76881,187.0,107.0,36048:27281,2_virtual,-1,-1
50177,292.0,177.0,93440:14368:88007,3_virtual,-1,-1
10700,287.0,171.0,14368:54452,3_virtual,-1,-1
31165,274.0,164.0,54452:88007,3_virtual,-1,-1
27753,259.0,159.0,93440:54452,3_virtual,-1,-1
80851,302.0,181.0,37314:54452,3_virtual,-1,-1
91734,303.0,210.0,31848:49,3_virtual,-1,-1
76211,320.0,223.0,49:73543,3_virtual,-1,-1
65811,285.0,171.0,99:73543,3_virtual,-1,-1
34455,280.0,169.0,99:83590,3_virtual,-1,-1
38744,316.0,174.0,31848:83590:73543,3_virtual,-1,-1
23277,264.0,206.0,39016:58569,3_virtual,-1,-1
42739,355.0,197.0,72404:13,3_virtual,-1,-1
37464,316.0,190.0,13:76478,3_virtual,-1,-1
28502,272.0,213.0,49:76478,3_virtual,-1,-1
52270,288.0,237.0,49:58569,3_virtual,-1,-1
42170,230.0,168.0,33:58569,3_virtual,-1,-1
12338,214.0,144.0,33:76478,3_virtual,-1,-1
88319,310.0,220.0,49:72404,3_virtual,-1,-1
5049,330.0,208.0,39016:13,3_virtual,-1,-1
97184,270.0,185.0,58569:72404:76478,3_virtual,-1,-1
17723,300.0,205.0,46026:72404,3_virtual,-1,-1
57782,261.0,198.0,46026:76478,3_virtual,-1,-1
62392,278.0,222.0,58569:46026,3_virtual,-1,-1
41636,247.0,182.0,39016:76478,3_virtual,-1,-1
35658,246.0,193.0,39016:90828,3_virtual,-1,-1
95955,323.0,218.0,18133:76063,3_virtual,-1,-1
39363,306.0,192.0,68240:18133,3_virtual,-1,-1
94338,233.0,152.0,68240:33,3_virtual,-1,-1
70802,331.0,235.0,50825:49,3_virtual,-1,-1
68740,238.0,141.0,68240:22,3_virtual,-1,-1
76908,346.0,207.0,50825:18133,3_virtual,-1,-1
65197,312.0,193.0,68240:50825,3_virtual,-1,-1
73828,321.0,197.0,68240:50825:18133,3_virtual,-1,-1
21211,341.0,221.0,88:76063,3_virtual,-1,-1
42631,268.0,189.0,53960:72159,3_virtual,-1,-1
4966,250.0,168.0,99:34196,3_virtual,-1,-1
41521,270.0,163.0,120:34196,3_virtual,-1,-1
58801,319.0,195.0,88:34196,3_virtual,-1,-1
30103,260.0,172.0,34196:75046,3_virtual,-1,-1
77288,359.0,203.0,14368:13,3_virtual,-1,-1
14604,309.0,188.0,77584:10145:14368,3_virtual,-1,-1
30384,338.0,213.0,23284:13,3_virtual,-1,-1
12435,334.0,205.0,13:40126,3_virtual,-1,-1
73430,235.0,168.0,33:23284,3_virtual,-1,-1
33310,295.0,208.0,61873:86108,3_virtual,-1,-1
88433,231.0,160.0,33:40126,3_virtual,-1,-1
82035,341.0,203.0,86108:13,3_virtual,-1,-1
1278,248.0,176.0,23284:83212,3_virtual,-1,-1
29951,276.0,199.0,23284:40126:86108,3_virtual,-1,-1
53135,263.0,175.0,86108:28846,3_virtual,-1,-1
25656,324.0,192.0,37314:9653,3_virtual,-1,-1
33979,329.0,193.0,12483:9653,3_virtual,-1,-1
29132,348.0,195.0,13:9653,3_virtual,-1,-1
33389,260.0,181.0,98312:46652:29271,3_virtual,-1,-1
86499,285.0,205.0,20954:76845,3_virtual,-1,-1
12920,290.0,187.0,99:52771,3_virtual,-1,-1
84295,320.0,194.0,88:79365,3_virtual,-1,-1
1721,319.0,192.0,88:43793,3_virtual,-1,-1
77753,264.0,174.0,43793:79365,3_virtual,-1,-1
70466,274.0,181.0,31812:79365,3_virtual,-1,-1
5882,321.0,202.0,58265:5,3_virtual,-1,-1
24883,279.0,195.0,99:65501,3_virtual,-1,-1
48094,350.0,148.0,92:65501,3_virtual,-1,-1
28019,318.0,234.0,65501:13966,3_virtual,-1,-1
56876,301.0,209.0,31812:65501,3_virtual,-1,-1
49843,335.0,184.0,65501:65695,3_virtual,-1,-1
84463,359.0,224.0,65501:13,3_virtual,-1,-1
52934,222.0,132.0,33:93772,3_virtual,-1,-1
86688,329.0,198.0,88:26761,3_virtual,-1,-1
43686,313.0,193.0,82280:6945,3_virtual,-1,-1
29790,277.0,160.0,54452:15183:91215,3_virtual,-1,-1
9499,232.0,167.0,33:56323,3_virtual,-1,-1
12168,262.0,225.0,56323:84,3_virtual,-1,-1
60865,259.0,170.0,33:49828,3_virtual,-1,-1
46595,245.0,167.0,33:96646,3_virtual,-1,-1
11779,275.0,225.0,84:96646,3_virtual,-1,-1
49022,298.0,192.0,21242:49828,3_virtual,-1,-1
33450,303.0,235.0,49:96646,3_virtual,-1,-1
62852,290.0,236.0,49:56323,3_virtual,-1,-1
12188,263.0,221.0,14706:84,3_virtual,-1,-1
23078,317.0,239.0,49:49828,3_virtual,-1,-1
96576,297.0,211.0,56323:49828:96646,3_virtual,-1,-1
29271,271.0,205.0,14706:56323,3_virtual,-1,-1
91321,298.0,208.0,14706:49828,3_virtual,-1,-1
67929,284.0,205.0,14706:96646,3_virtual,-1,-1
17007,265.0,186.0,68088:99,3_virtual,-1,-1
33682,287.0,200.0,68088:31812,3_virtual,-1,-1
54935,272.0,227.0,68088:84,3_virtual,-1,-1
46335,330.0,203.0,78752:5,3_virtual,-1,-1
96727,358.0,208.0,78752:8450,3_virtual,-1,-1
24447,272.0,154.0,18133:22,3_virtual,-1,-1
41028,296.0,181.0,18133:72494,3_virtual,-1,-1
27467,262.0,174.0,91006:72494,3_virtual,-1,-1
33177,366.0,219.0,40738:13,3_virtual,-1,-1
63444,271.0,172.0,4059:95,3_virtual,-1,-1
38146,253.0,164.0,4059:5,3_virtual,-1,-1
75969,244.0,158.0,32465:33,3_virtual,-1,-1
84617,262.0,166.0,33:11420,3_virtual,-1,-1
13222,275.0,182.0,72159:83887,3_virtual,-1,-1
24015,276.0,187.0,32465:72159,3_virtual,-1,-1
2317,243.0,153.0,33:83887,3_virtual,-1,-1
86460,314.0,210.0,17435:11420:83887,3_virtual,-1,-1
93984,285.0,182.0,49400:32465:83887,3_virtual,-1,-1
36415,285.0,202.0,19291:83887,3_virtual,-1,-1
52493,273.0,197.0,49400:19291,3_virtual,-1,-1
8366,288.0,186.0,65518:83887,3_virtual,-1,-1
45558,286.0,207.0,32465:19291,3_virtual,-1,-1
2825,299.0,208.0,32465:17435:65518,3_virtual,-1,-1
7946,303.0,197.0,32465:11420:65518,3_virtual,-1,-1
35561,317.0,186.0,88:44043,3_virtual,-1,-1
46197,275.0,173.0,99:78259,3_virtual,-1,-1
12424,296.0,178.0,64378:98501,3_virtual,-1,-1
13017,308.0,187.0,8450:7790,3_virtual,-1,-1
75034,252.0,156.0,18844:22,3_virtual,-1,-1
20354,286.0,215.0,5:8837,3_virtual,-1,-1
64447,320.0,191.0,88:91299,3_virtual,-1,-1
29180,254.0,165.0,91299:28846,3_virtual,-1,-1
66910,251.0,171.0,5440:91299,3_virtual,-1,-1
36812,285.0,185.0,91299:10581,3_virtual,-1,-1
65832,229.0,148.0,33:91299,3_virtual,-1,-1
39695,251.0,164.0,99:91299,3_virtual,-1,-1
22430,213.0,131.0,18911:45623,3_virtual,-1,-1
29947,259.0,177.0,98312:88356:29271,3_virtual,-1,-1
39080,264.0,166.0,79365:98501,3_virtual,-1,-1
84600,274.0,180.0,26761:79365,3_virtual,-1,-1
35965,350.0,207.0,88:2642,3_virtual,-1,-1
82395,253.0,164.0,5:50910,3_virtual,-1,-1
99062,249.0,142.0,120:50910,3_virtual,-1,-1
5791,229.0,160.0,32:50910,3_virtual,-1,-1
52762,243.0,138.0,120:31476,3_virtual,-1,-1
45689,212.0,134.0,31476:27887,3_virtual,-1,-1
17522,344.0,147.0,92:76063,3_virtual,-1,-1
30357,273.0,194.0,99:76063,3_virtual,-1,-1
88792,328.0,220.0,37314:76063,3_virtual,-1,-1
65207,312.0,233.0,13966:76063,3_virtual,-1,-1
46763,343.0,214.0,88:26654,3_virtual,-1,-1
67915,261.0,169.0,5940:26654,3_virtual,-1,-1
63783,245.0,135.0,120:5940,3_virtual,-1,-1
84012,190.0,114.0,82416:105,3_virtual,-1,-1
32852,239.0,144.0,82416:99,3_virtual,-1,-1
88232,347.0,204.0,64378:56589,3_virtual,-1,-1
51465,355.0,192.0,88:44725,3_virtual,-1,-1
51144,367.0,194.0,13:44725,3_virtual,-1,-1
55658,228.0,167.0,60912:33,3_virtual,-1,-1
18609,245.0,170.0,33:51463,3_virtual,-1,-1
95752,219.0,156.0,105:51463,3_virtual,-1,-1
73183,285.0,223.0,57384:48937,3_virtual,-1,-1
71303,331.0,212.0,60912:13,3_virtual,-1,-1
17932,348.0,216.0,13:51463,3_virtual,-1,-1
22184,210.0,159.0,57384:105,3_virtual,-1,-1
5298,202.0,153.0,60912:105,3_virtual,-1,-1
21295,232.0,175.0,33:24607,3_virtual,-1,-1
8912,236.0,173.0,57384:33,3_virtual,-1,-1
6505,335.0,221.0,13:24607,3_virtual,-1,-1
32523,279.0,215.0,57384:60912:51463,3_virtual,-1,-1
24472,284.0,221.0,51463:24607,3_virtual,-1,-1
28570,267.0,217.0,60912:24607,3_virtual,-1,-1
21842,275.0,223.0,57384:24607,3_virtual,-1,-1
52140,277.0,208.0,66818:77380,3_virtual,-1,-1
2954,292.0,226.0,49134:4406,3_virtual,-1,-1
79366,277.0,217.0,60912:48937,3_virtual,-1,-1
84858,330.0,193.0,68840:64564,3_virtual,-1,-1
12230,283.0,171.0,68840:99,3_virtual,-1,-1
92955,325.0,191.0,68840:29324,3_virtual,-1,-1
78837,335.0,194.0,68840:8450,3_virtual,-1,-1
3880,309.0,182.0,68840:15167,3_virtual,-1,-1
25683,325.0,199.0,10145:64378,3_virtual,-1,-1
40768,299.0,188.0,10145:74126,3_virtual,-1,-1
82334,296.0,183.0,10145:21242,3_virtual,-1,-1
63624,277.0,161.0,31560:70039,3_virtual,-1,-1
86651,273.0,163.0,85864:89175,3_virtual,-1,-1
61968,289.0,209.0,84841:89175,3_virtual,-1,-1
62232,232.0,149.0,33:95227,3_virtual,-1,-1
61827,239.0,151.0,33:18924,3_virtual,-1,-1
78901,334.0,205.0,88:78893,3_virtual,-1,-1
46524,330.0,195.0,88:18924,3_virtual,-1,-1
37540,271.0,172.0,18924:75046,3_virtual,-1,-1
7271,341.0,197.0,18924:13,3_virtual,-1,-1
26326,346.0,207.0,13:78893,3_virtual,-1,-1
61590,263.0,152.0,18924:67861,3_virtual,-1,-1
13852,323.0,192.0,88:95227,3_virtual,-1,-1
46090,308.0,190.0,18924:64564,3_virtual,-1,-1
35794,282.0,183.0,95227:18924:78893,3_virtual,-1,-1
10855,228.0,141.0,99:75171,3_virtual,-1,-1
59357,250.0,155.0,75171:31812,3_virtual,-1,-1
46778,236.0,152.0,36000:75171,3_virtual,-1,-1
58026,239.0,155.0,75171:20484,3_virtual,-1,-1
50495,217.0,140.0,83027:75171,3_virtual,-1,-1
59618,228.0,155.0,32:75171,3_virtual,-1,-1
20297,260.0,176.0,99:58614,3_virtual,-1,-1
63782,230.0,154.0,32:54012,3_virtual,-1,-1
91542,315.0,181.0,88:9893,3_virtual,-1,-1
87284,266.0,168.0,27281:40738,3_virtual,-1,-1
91883,296.0,194.0,40738:75046,3_virtual,-1,-1
93698,357.0,142.0,40738:92,3_virtual,-1,-1
29497,253.0,157.0,98113:26761,3_virtual,-1,-1
68538,318.0,233.0,49:76582,3_virtual,-1,-1
35722,303.0,191.0,14368:5,3_virtual,-1,-1
32095,346.0,207.0,11541:80310,3_virtual,-1,-1
20503,241.0,145.0,89385:50364:53767,3_virtual,-1,-1
82556,287.0,173.0,92752:99,3_virtual,-1,-1
35379,367.0,202.0,92752:13,3_virtual,-1,-1
79652,325.0,234.0,49:18133,3_virtual,-1,-1
60606,369.0,211.0,13:18133,3_virtual,-1,-1
12008,289.0,182.0,99:18133,3_virtual,-1,-1
8999,249.0,142.0,120:18911,3_virtual,-1,-1
9899,240.0,152.0,30208:22,3_virtual,-1,-1
48811,335.0,168.0,5315:8901,3_virtual,-1,-1
43843,346.0,207.0,37048:5315,3_virtual,-1,-1
70092,259.0,162.0,27281:18835,3_virtual,-1,-1
10822,279.0,198.0,32:18835,3_virtual,-1,-1
71376,359.0,213.0,18835:13,3_virtual,-1,-1
81249,266.0,167.0,99:88007,3_virtual,-1,-1
72886,279.0,166.0,98501:88007,3_virtual,-1,-1
96238,279.0,174.0,14368:99,3_virtual,-1,-1
93923,288.0,181.0,31812:88007,3_virtual,-1,-1
41085,319.0,190.0,14368:11585:88007,3_virtual,-1,-1
88956,277.0,191.0,32:6945,3_virtual,-1,-1
46288,289.0,234.0,10145:101,3_virtual,-1,-1
79244,307.0,189.0,10145:52210:6945,3_virtual,-1,-1
9520,269.0,165.0,34528:99,3_virtual,-1,-1
45811,237.0,160.0,32:42851,3_virtual,-1,-1
82560,319.0,184.0,88:5227,3_virtual,-1,-1
46273,272.0,176.0,49075:5227,3_virtual,-1,-1
1303,236.0,189.0,84:25086,3_virtual,-1,-1
2797,297.0,175.0,88:25086,3_virtual,-1,-1
2024,284.0,178.0,5227:10581,3_virtual,-1,-1
40533,318.0,191.0,88:95553,3_virtual,-1,-1
46269,262.0,159.0,31154:5227,3_virtual,-1,-1
16942,243.0,156.0,98480:95553:25086,3_virtual,-1,-1
55121,199.0,123.0,105:85239,3_virtual,-1,-1
8502,215.0,125.0,36048:85239,3_virtual,-1,-1
53532,260.0,154.0,20292:85239,3_virtual,-1,-1
75316,245.0,142.0,64049:20292,3_virtual,-1,-1
21429,297.0,178.0,18133:9893,3_virtual,-1,-1
41363,286.0,203.0,32:40738,3_virtual,-1,-1
84967,276.0,179.0,40738:18911,3_virtual,-1,-1
50168,286.0,190.0,40738:99,3_virtual,-1,-1
36989,296.0,188.0,40738:7315,3_virtual,-1,-1
89768,264.0,163.0,27281:40738:7315,3_virtual,-1,-1
69875,281.0,178.0,40738:87043,3_virtual,-1,-1
29955,257.0,164.0,27281:40738:99,3_virtual,-1,-1
76847,276.0,185.0,75969:40738,3_virtual,-1,-1
83782,223.0,156.0,32:45623,3_virtual,-1,-1
70526,247.0,160.0,5:45623,3_virtual,-1,-1
19438,243.0,138.0,120:45623,3_virtual,-1,-1
37929,350.0,178.0,30305:26654,3_virtual,-1,-1
12434,327.0,227.0,28581:26654,3_virtual,-1,-1
71527,252.0,154.0,54012:31812,3_virtual,-1,-1
48027,231.0,136.0,54012:57726,3_virtual,-1,-1
7410,250.0,136.0,120:54012,3_virtual,-1,-1
5914,266.0,154.0,76582:22,3_virtual,-1,-1
78183,354.0,134.0,92:76582,3_virtual,-1,-1
33748,363.0,210.0,13:76582,3_virtual,-1,-1
42681,369.0,174.0,11541:8901,3_virtual,-1,-1
65166,368.0,137.0,58265:92,3_virtual,-1,-1
26379,332.0,236.0,58265:49,3_virtual,-1,-1
86337,300.0,186.0,94921:21242,3_virtual,-1,-1
66611,271.0,179.0,49194:9893,3_virtual,-1,-1
90387,272.0,195.0,25019:2092,3_virtual,-1,-1
88894,257.0,166.0,99:2092,3_virtual,-1,-1
81162,288.0,177.0,93440:78259,3_virtual,-1,-1
74763,295.0,177.0,88007:78259:35383,3_virtual,-1,-1
56459,279.0,171.0,93440:88007,3_virtual,-1,-1
60543,271.0,168.0,93440:35383,3_virtual,-1,-1
90928,287.0,231.0,66356:101,3_virtual,-1,-1
42765,278.0,189.0,32:66356,3_virtual,-1,-1
29386,295.0,212.0,27289:66356,3_virtual,-1,-1
25899,276.0,164.0,120:77668,3_virtual,-1,-1
49330,239.0,141.0,77668:22,3_virtual,-1,-1
58955,325.0,196.0,88:77668,3_virtual,-1,-1
59375,246.0,159.0,99:31943,3_virtual,-1,-1
88643,229.0,147.0,99:21125,3_virtual,-1,-1
79289,298.0,174.0,88:21125,3_virtual,-1,-1
17962,236.0,148.0,21125:31943,3_virtual,-1,-1
87080,314.0,186.0,88:31943,3_virtual,-1,-1
89078,351.0,206.0,78752:64378,3_virtual,-1,-1
85228,344.0,209.0,22528:92875,3_virtual,-1,-1
35814,340.0,170.0,22528:35893,3_virtual,-1,-1
80472,361.0,212.0,22528:13,3_virtual,-1,-1
92161,352.0,136.0,22528:92,3_virtual,-1,-1
4589,258.0,160.0,26654:22,3_virtual,-1,-1
92350,355.0,216.0,13:26654,3_virtual,-1,-1
66044,346.0,140.0,92:26654,3_virtual,-1,-1
56327,322.0,219.0,15099:26654,3_virtual,-1,-1
77796,234.0,152.0,33:77668,3_virtual,-1,-1
26523,327.0,121.0,77668:92,3_virtual,-1,-1
24954,336.0,198.0,77668:13,3_virtual,-1,-1
54124,264.0,210.0,77668:84,3_virtual,-1,-1
99950,292.0,221.0,49:77668,3_virtual,-1,-1
62300,300.0,192.0,77668:76582,3_virtual,-1,-1
64315,258.0,153.0,77668:67861,3_virtual,-1,-1
16608,272.0,165.0,50451:42167,3_virtual,-1,-1
45949,236.0,138.0,27281:50451,3_virtual,-1,-1
26554,264.0,176.0,91006:73231,3_virtual,-1,-1
78575,256.0,174.0,32:50451,3_virtual,-1,-1
61234,233.0,156.0,32:38068,3_virtual,-1,-1
40847,235.0,143.0,38068:28846,3_virtual,-1,-1
50798,212.0,122.0,83212:22,3_virtual,-1,-1
17873,220.0,131.0,46976:27281,3_virtual,-1,-1
36207,311.0,190.0,92752:5,3_virtual,-1,-1
51802,257.0,175.0,54452:46630,3_virtual,-1,-1
68461,268.0,206.0,31560:84,3_virtual,-1,-1
62965,283.0,194.0,99:98983,3_virtual,-1,-1
42756,300.0,152.0,39769:99,3_virtual,-1,-1
66823,345.0,188.0,39769:98983,3_virtual,-1,-1
83343,232.0,140.0,66145:85003,3_virtual,-1,-1
56728,241.0,145.0,82416:28846,3_virtual,-1,-1
61934,232.0,141.0,54012:28846,3_virtual,-1,-1
86133,241.0,138.0,61475:54012,3_virtual,-1,-1
58345,333.0,236.0,39132:13966,3_virtual,-1,-1
71456,294.0,198.0,99:39132,3_virtual,-1,-1
49206,341.0,183.0,39132:21774,3_virtual,-1,-1
42828,318.0,215.0,39132:5,3_virtual,-1,-1
77874,259.0,189.0,57384:99,3_virtual,-1,-1
91968,293.0,183.0,14681:65539,3_virtual,-1,-1
73842,339.0,200.0,88:14681,3_virtual,-1,-1
38154,294.0,217.0,62680:28788,3_virtual,-1,-1
6765,305.0,191.0,18924:76582,3_virtual,-1,-1
98043,289.0,185.0,75019:9653,3_virtual,-1,-1
37139,268.0,168.0,99:24459,3_virtual,-1,-1
31051,266.0,189.0,99:11580,3_virtual,-1,-1
53612,295.0,200.0,24459:11580,3_virtual,-1,-1
78882,296.0,168.0,37314:67861,3_virtual,-1,-1
46860,248.0,183.0,84:67861,3_virtual,-1,-1
31430,282.0,192.0,37314:84:67861,3_virtual,-1,-1
40302,339.0,192.0,13:35383,3_virtual,-1,-1
87178,257.0,159.0,85864:82511,3_virtual,-1,-1
92207,308.0,182.0,81936:88,3_virtual,-1,-1
25050,217.0,138.0,81936:33,3_virtual,-1,-1
47697,231.0,147.0,33:82511,3_virtual,-1,-1
12127,322.0,191.0,88:82511,3_virtual,-1,-1
48953,254.0,161.0,81936:82511,3_virtual,-1,-1
71858,263.0,173.0,33:40738,3_virtual,-1,-1
97558,307.0,190.0,10145:12166,3_virtual,-1,-1
42161,289.0,195.0,32:18133,3_virtual,-1,-1
52654,312.0,192.0,18924:18133,3_virtual,-1,-1
45082,269.0,209.0,18924:84,3_virtual,-1,-1
65110,242.0,151.0,37793:9788,3_virtual,-1,-1
35328,195.0,125.0,105:8996,3_virtual,-1,-1
57149,231.0,143.0,27281:9788,3_virtual,-1,-1
48794,202.0,134.0,105:9788,3_virtual,-1,-1
72108,253.0,160.0,89385:9788:8996,3_virtual,-1,-1
17833,217.0,142.0,33:19932,3_virtual,-1,-1
23357,223.0,131.0,19932:22,3_virtual,-1,-1
84941,261.0,151.0,54012:89175,3_virtual,-1,-1
70463,181.0,110.0,105:54012,3_virtual,-1,-1
41506,197.0,111.0,36048:54012,3_virtual,-1,-1
84386,297.0,223.0,84:18133,3_virtual,-1,-1
34265,267.0,165.0,33:18133,3_virtual,-1,-1
2797,226.0,125.0,54012:22044,3_virtual,-1,-1
56088,262.0,164.0,27281:98873,3_virtual,-1,-1
8357,361.0,215.0,98873:13,3_virtual,-1,-1
86540,281.0,186.0,98873:99,3_virtual,-1,-1
7831,281.0,200.0,32:98873,3_virtual,-1,-1
74956,254.0,171.0,32:98873:27281,3_virtual,-1,-1
78809,233.0,156.0,98873:105,3_virtual,-1,-1
86380,301.0,182.0,120:98873,3_virtual,-1,-1
7353,352.0,139.0,98873:92,3_virtual,-1,-1
99739,357.0,203.0,13:57974,3_virtual,-1,-1
50948,223.0,137.0,33:17289,3_virtual,-1,-1
5512,313.0,226.0,49:57974,3_virtual,-1,-1
76970,245.0,167.0,32:17289,3_virtual,-1,-1
12573,228.0,126.0,17289:22,3_virtual,-1,-1
24968,325.0,183.0,17289:13,3_virtual,-1,-1
64388,277.0,174.0,99:57974,3_virtual,-1,-1
55801,226.0,132.0,17289:27281,3_virtual,-1,-1
5914,245.0,154.0,17289:99,3_virtual,-1,-1
93752,348.0,126.0,92:57974,3_virtual,-1,-1
89665,260.0,146.0,57974:22,3_virtual,-1,-1
94764,217.0,126.0,33:17289:22,3_virtual,-1,-1
83114,284.0,170.0,17289:57974,3_virtual,-1,-1
26629,283.0,181.0,99:76582,3_virtual,-1,-1
96608,328.0,220.0,89241:76582,3_virtual,-1,-1
49314,241.0,142.0,82416:64506,3_virtual,-1,-1
69790,263.0,162.0,82416:5,3_virtual,-1,-1
21952,240.0,145.0,54012:75046,3_virtual,-1,-1
24656,254.0,158.0,54012:5,3_virtual,-1,-1
41986,247.0,151.0,4929:54012,3_virtual,-1,-1
77979,247.0,157.0,105:19339,3_virtual,-1,-1
24445,279.0,160.0,19339:22,3_virtual,-1,-1
69797,343.0,220.0,40738:19339,3_virtual,-1,-1
84410,285.0,188.0,26761:5,3_virtual,-1,-1
29864,213.0,144.0,105:65518,3_virtual,-1,-1
67270,302.0,213.0,33738:5315,3_virtual,-1,-1
74831,194.0,123.0,105:18181,3_virtual,-1,-1
75135,323.0,214.0,79616:64564,3_virtual,-1,-1
94586,290.0,190.0,64564:20262,3_virtual,-1,-1
32518,272.0,165.0,54012:95,3_virtual,-1,-1
41341,336.0,202.0,91867:13,3_virtual,-1,-1
34216,237.0,159.0,105:40738,3_virtual,-1,-1
72495,303.0,205.0,40738:91867,3_virtual,-1,-1
84556,319.0,189.0,88:32423,3_virtual,-1,-1
17493,318.0,188.0,92760:88,3_virtual,-1,-1
53008,276.0,160.0,92760:98032,3_virtual,-1,-1
6868,272.0,171.0,92760:77209:32423,3_virtual,-1,-1
17902,377.0,138.0,92:11541,3_virtual,-1,-1
28155,267.0,151.0,64378:22,3_virtual,-1,-1
47930,258.0,145.0,78259:22,3_virtual,-1,-1
65315,306.0,193.0,64378:31812,3_virtual,-1,-1
1128,320.0,194.0,64378:78259,3_virtual,-1,-1
1300,284.0,179.0,64378:99,3_virtual,-1,-1
37958,294.0,215.0,49:35383,3_virtual,-1,-1
65159,228.0,158.0,32:82769,3_virtual,-1,-1
66243,299.0,192.0,68240:76582,3_virtual,-1,-1
74770,184.0,112.0,36048:33,3_virtual,-1,-1
34221,239.0,139.0,46976:71838,3_virtual,-1,-1
45527,281.0,169.0,71838:95,3_virtual,-1,-1
35358,247.0,150.0,37793:7790,3_virtual,-1,-1
54068,296.0,177.0,20880:7790,3_virtual,-1,-1
71304,271.0,157.0,20880:37793,3_virtual,-1,-1
58880,271.0,161.0,20880:37793:7790,3_virtual,-1,-1
60045,361.0,209.0,88:51181,3_virtual,-1,-1
9506,282.0,175.0,59340:95,3_virtual,-1,-1
6938,220.0,129.0,4059:54012,3_virtual,-1,-1
43905,220.0,128.0,27281:72021,3_virtual,-1,-1
59783,230.0,139.0,4059:72021,3_virtual,-1,-1
62856,284.0,156.0,4669:22,3_virtual,-1,-1
99816,209.0,141.0,105:49958,3_virtual,-1,-1
37738,257.0,172.0,99:49958,3_virtual,-1,-1
72297,230.0,154.0,105:18835,3_virtual,-1,-1
35952,350.0,137.0,18835:92,3_virtual,-1,-1
96498,255.0,149.0,91259:22,3_virtual,-1,-1
14687,289.0,189.0,5440:18133,3_virtual,-1,-1
5045,292.0,183.0,18133:28846,3_virtual,-1,-1
33541,241.0,166.0,5440:28846,3_virtual,-1,-1
25970,274.0,179.0,5440:18133:28846,3_virtual,-1,-1
20420,250.0,163.0,31812:27887,3_virtual,-1,-1
14788,233.0,147.0,27281:31812:27887,3_virtual,-1,-1
80358,192.0,119.0,88288:105,3_virtual,-1,-1
51526,231.0,133.0,88288:92437,3_virtual,-1,-1
13602,265.0,172.0,24761:99,3_virtual,-1,-1
19674,276.0,176.0,24761:32423,3_virtual,-1,-1
35605,355.0,137.0,92:48631,3_virtual,-1,-1
16961,235.0,154.0,105:48631,3_virtual,-1,-1
74902,284.0,195.0,31993:5,3_virtual,-1,-1
7957,249.0,149.0,120:75969,3_virtual,-1,-1
99065,213.0,132.0,76881:99,3_virtual,-1,-1
58880,204.0,118.0,76881:37793,3_virtual,-1,-1
37960,280.0,170.0,27753:80851,4_virtual,-1,-1
64347,273.0,164.0,27753:10700:31165,4_virtual,-1,-1
20860,294.0,176.0,80851:10700,4_virtual,-1,-1
99936,288.0,172.0,80851:31165,4_virtual,-1,-1
22141,313.0,218.0,38744:49,4_virtual,-1,-1
4668,277.0,166.0,38744:99,4_virtual,-1,-1
68540,326.0,183.0,83590:73543,4_virtual,-1,-1
42015,349.0,210.0,17723:13,4_virtual,-1,-1
65573,256.0,202.0,58569:35658,4_virtual,-1,-1
33432,323.0,199.0,41636:13,4_virtual,-1,-1
10019,278.0,222.0,49:41636,4_virtual,-1,-1
44813,322.0,204.0,35658:13,4_virtual,-1,-1
15025,305.0,233.0,49:17723,4_virtual,-1,-1
61129,236.0,173.0,62392:33,4_virtual,-1,-1
9889,294.0,242.0,62392:49,4_virtual,-1,-1
87156,275.0,203.0,62392:17723:41636,4_virtual,-1,-1
5858,246.0,187.0,35658:41636,4_virtual,-1,-1
66314,257.0,197.0,58569:41636,4_virtual,-1,-1
61331,338.0,221.0,70802:76908,4_virtual,-1,-1
49382,235.0,146.0,94338:68740,4_virtual,-1,-1
67927,299.0,172.0,120:58801,4_virtual,-1,-1
69449,354.0,202.0,14604:13,4_virtual,-1,-1
69573,337.0,207.0,13:29951,4_virtual,-1,-1
64105,285.0,200.0,61873:53135,4_virtual,-1,-1
35447,235.0,162.0,33:29951,4_virtual,-1,-1
58933,253.0,179.0,88433:29951,4_virtual,-1,-1
90968,247.0,170.0,83212:29951,4_virtual,-1,-1
22277,269.0,187.0,29951:53135,4_virtual,-1,-1
28014,266.0,185.0,40126:53135,4_virtual,-1,-1
9181,349.0,202.0,37314:29132,4_virtual,-1,-1
40894,354.0,203.0,12483:29132,4_virtual,-1,-1
83044,257.0,211.0,84:33389,4_virtual,-1,-1
29654,320.0,193.0,88:77753,4_virtual,-1,-1
45431,325.0,196.0,88:70466,4_virtual,-1,-1
50227,337.0,206.0,37314:2642,4_virtual,-1,-1
17821,293.0,211.0,49:29790,4_virtual,-1,-1
66899,266.0,154.0,54452:91215,4_virtual,-1,-1
73616,303.0,236.0,96576:49,4_virtual,-1,-1
99927,284.0,189.0,96576:21242,4_virtual,-1,-1
48212,269.0,223.0,67929:84,4_virtual,-1,-1
45567,247.0,198.0,84:29271,4_virtual,-1,-1
5384,278.0,189.0,96576:95190,4_virtual,-1,-1
76769,274.0,189.0,67929:91321:29271,4_virtual,-1,-1
39440,245.0,168.0,96576:33,4_virtual,-1,-1
94710,275.0,226.0,96576:84,4_virtual,-1,-1
71877,289.0,181.0,58801:75046,4_virtual,-1,-1
48982,263.0,171.0,9893:91006,4_virtual,-1,-1
95698,233.0,158.0,33:91006,4_virtual,-1,-1
73579,267.0,185.0,65154:9893,4_virtual,-1,-1
72352,279.0,182.0,63444:5,4_virtual,-1,-1
58504,248.0,161.0,33:7946,4_virtual,-1,-1
67976,271.0,182.0,93984:72159,4_virtual,-1,-1
84658,291.0,173.0,120:7946,4_virtual,-1,-1
47152,278.0,175.0,93984:21242,4_virtual,-1,-1
9391,241.0,155.0,33:8366,4_virtual,-1,-1
31332,296.0,197.0,2825:7946:8366,4_virtual,-1,-1
35115,281.0,202.0,52493:45558:36415,4_virtual,-1,-1
81481,292.0,179.0,78259:7790,4_virtual,-1,-1
20650,245.0,159.0,20354:22,4_virtual,-1,-1
74104,313.0,188.0,88:39695,4_virtual,-1,-1
24260,247.0,162.0,28846:39695,4_virtual,-1,-1
83024,245.0,168.0,5440:39695,4_virtual,-1,-1
37028,279.0,181.0,10581:39695,4_virtual,-1,-1
22524,222.0,144.0,33:39695,4_virtual,-1,-1
92002,256.0,209.0,29947:84,4_virtual,-1,-1
33936,269.0,168.0,84600:98501,4_virtual,-1,-1
86058,359.0,209.0,83785:35965,4_virtual,-1,-1
95849,241.0,162.0,82395:5791,4_virtual,-1,-1
54321,253.0,152.0,67915:63783,4_virtual,-1,-1
88353,235.0,171.0,33:79366,4_virtual,-1,-1
41175,239.0,173.0,24472:33,4_virtual,-1,-1
14263,234.0,174.0,33:21842,4_virtual,-1,-1
1281,338.0,216.0,13:79366,4_virtual,-1,-1
13952,213.0,159.0,24472:105,4_virtual,-1,-1
88315,208.0,160.0,105:21842,4_virtual,-1,-1
90989,341.0,218.0,24472:13,4_virtual,-1,-1
70011,209.0,157.0,105:79366,4_virtual,-1,-1
85879,337.0,219.0,21842:13,4_virtual,-1,-1
71639,256.0,195.0,8912:79366,4_virtual,-1,-1
5465,278.0,220.0,24472:21842:79366,4_virtual,-1,-1
31843,278.0,219.0,57384:79366,4_virtual,-1,-1
49242,333.0,198.0,64564:78837,4_virtual,-1,-1
27432,274.0,170.0,3880:99,4_virtual,-1,-1
4430,309.0,190.0,31812:78837,4_virtual,-1,-1
92863,317.0,186.0,3880:92955,4_virtual,-1,-1
48183,322.0,188.0,3880:78837,4_virtual,-1,-1
4438,310.0,191.0,25683:82334,4_virtual,-1,-1
11204,297.0,185.0,40768:82334,4_virtual,-1,-1
76664,329.0,197.0,88:35794,4_virtual,-1,-1
32179,309.0,191.0,18924:78901,4_virtual,-1,-1
44411,340.0,199.0,35794:13,4_virtual,-1,-1
33649,282.0,185.0,37540:78893,4_virtual,-1,-1
46649,288.0,188.0,18924:78893,4_virtual,-1,-1
25460,238.0,154.0,33:35794,4_virtual,-1,-1
56305,233.0,156.0,59618:99,4_virtual,-1,-1
53898,255.0,170.0,59618:31812,4_virtual,-1,-1
38643,241.0,167.0,36000:59618,4_virtual,-1,-1
8017,244.0,170.0,59618:20484,4_virtual,-1,-1
81359,222.0,155.0,59618:83027,4_virtual,-1,-1
77877,278.0,128.0,27281:93698,4_virtual,-1,-1
9825,378.0,179.0,93698:13,4_virtual,-1,-1
22283,355.0,171.0,8901:32095,4_virtual,-1,-1
33147,191.0,121.0,105:20503,4_virtual,-1,-1
95761,299.0,222.0,12008:49,4_virtual,-1,-1
52947,279.0,163.0,71376:27281,4_virtual,-1,-1
57831,299.0,199.0,71376:32,4_virtual,-1,-1
24917,291.0,173.0,41085:98501,4_virtual,-1,-1
64476,301.0,188.0,31812:41085,4_virtual,-1,-1
73705,279.0,174.0,99:41085,4_virtual,-1,-1
10916,273.0,187.0,32:79244,4_virtual,-1,-1
93217,282.0,229.0,79244:101,4_virtual,-1,-1
13702,308.0,225.0,49:79244,4_virtual,-1,-1
24932,309.0,184.0,88:16942,4_virtual,-1,-1
28993,248.0,198.0,84:16942,4_virtual,-1,-1
53829,255.0,165.0,98480:95553,4_virtual,-1,-1
71836,201.0,125.0,105:53532,4_virtual,-1,-1
80291,217.0,127.0,36048:53532,4_virtual,-1,-1
20253,252.0,148.0,75316:53532,4_virtual,-1,-1
64061,293.0,138.0,93698:87043,4_virtual,-1,-1
70908,298.0,163.0,32:93698,4_virtual,-1,-1
75437,288.0,139.0,93698:18911,4_virtual,-1,-1
30447,298.0,150.0,93698:99,4_virtual,-1,-1
47559,234.0,159.0,32:87043,4_virtual,-1,-1
11164,275.0,153.0,32:93698:87043,4_virtual,-1,-1
90828,288.0,145.0,75969:93698,4_virtual,-1,-1
20600,265.0,165.0,5:19438,4_virtual,-1,-1
2197,241.0,161.0,32:19438,4_virtual,-1,-1
9799,343.0,225.0,46763:28581,4_virtual,-1,-1
31730,366.0,176.0,30305:46763,4_virtual,-1,-1
77466,241.0,145.0,48027:71527,4_virtual,-1,-1
19880,255.0,142.0,120:48027,4_virtual,-1,-1
46189,339.0,206.0,5315:11541,4_virtual,-1,-1
73507,261.0,168.0,68538:22,4_virtual,-1,-1
57091,349.0,148.0,68538:92,4_virtual,-1,-1
26793,358.0,224.0,68538:13,4_virtual,-1,-1
17485,315.0,232.0,49:5882,4_virtual,-1,-1
5342,264.0,180.0,90387:88894,4_virtual,-1,-1
33975,286.0,174.0,50177:74763:60543,4_virtual,-1,-1
93465,314.0,231.0,49:80310,4_virtual,-1,-1
75924,369.0,174.0,8901:11541,4_virtual,-1,-1
82242,237.0,153.0,17962:99,4_virtual,-1,-1
97640,275.0,167.0,87080:17962,4_virtual,-1,-1
35546,276.0,172.0,87080:99,4_virtual,-1,-1
36964,354.0,134.0,92161:35893,4_virtual,-1,-1
74521,358.0,172.0,92161:92875,4_virtual,-1,-1
83740,295.0,147.0,92161:99,4_virtual,-1,-1
94014,356.0,174.0,80472:92161,4_virtual,-1,-1
31355,263.0,161.0,22:56327,4_virtual,-1,-1
14704,360.0,217.0,13:56327,4_virtual,-1,-1
18950,351.0,141.0,92:56327,4_virtual,-1,-1
1767,340.0,127.0,62300:92,4_virtual,-1,-1
22736,226.0,139.0,33:64315,4_virtual,-1,-1
37145,319.0,108.0,64315:92,4_virtual,-1,-1
66211,328.0,184.0,64315:13,4_virtual,-1,-1
85367,349.0,204.0,62300:13,4_virtual,-1,-1
16499,256.0,197.0,64315:84,4_virtual,-1,-1
87556,231.0,128.0,64315:22,4_virtual,-1,-1
25374,284.0,207.0,49:64315,4_virtual,-1,-1
65963,279.0,172.0,64315:62300,4_virtual,-1,-1
83498,236.0,139.0,16608:27281,4_virtual,-1,-1
16550,283.0,172.0,28414:95,4_virtual,-1,-1
2508,241.0,161.0,32:28414,4_virtual,-1,-1
16472,249.0,189.0,84:28414,4_virtual,-1,-1
27905,292.0,173.0,99:66823,4_virtual,-1,-1
78511,277.0,174.0,95:83343,4_virtual,-1,-1
66712,242.0,149.0,86133:28846,4_virtual,-1,-1
38511,260.0,143.0,120:86133,4_virtual,-1,-1
52556,333.0,182.0,58345:21774,4_virtual,-1,-1
48412,313.0,217.0,71456:58345,4_virtual,-1,-1
80624,310.0,214.0,58345:5,4_virtual,-1,-1
50036,309.0,177.0,120:18133,4_virtual,-1,-1
69462,316.0,191.0,91968:73842,4_virtual,-1,-1
2260,249.0,160.0,38154:22,4_virtual,-1,-1
47539,239.0,158.0,82416:32,4_virtual,-1,-1
93612,319.0,192.0,64564:36822,4_virtual,-1,-1
24945,304.0,204.0,97369:36822,4_virtual,-1,-1
99687,303.0,208.0,97369:6765,4_virtual,-1,-1
70444,267.0,179.0,99:53612,4_virtual,-1,-1
60698,308.0,214.0,11580:95,4_virtual,-1,-1
14120,224.0,143.0,48953:33,4_virtual,-1,-1
34959,250.0,154.0,85864:48953,4_virtual,-1,-1
13658,315.0,186.0,88:48953,4_virtual,-1,-1
30954,272.0,158.0,120:87284,4_virtual,-1,-1
44498,247.0,149.0,42161:22,4_virtual,-1,-1
60210,197.0,128.0,105:72108,4_virtual,-1,-1
38389,237.0,145.0,37793:72108,4_virtual,-1,-1
47539,226.0,137.0,27281:72108,4_virtual,-1,-1
89535,220.0,136.0,17833:23357,4_virtual,-1,-1
20626,282.0,183.0,19932:95,4_virtual,-1,-1
45881,246.0,147.0,61475:61934,4_virtual,-1,-1
48694,187.0,119.0,105:61934,4_virtual,-1,-1
80209,203.0,120.0,36048:61934,4_virtual,-1,-1
52997,266.0,160.0,61934:89175,4_virtual,-1,-1
63110,344.0,199.0,12008:13,4_virtual,-1,-1
47797,268.0,180.0,32:2797,4_virtual,-1,-1
64759,271.0,175.0,56088:86540,4_virtual,-1,-1
18981,240.0,156.0,56088:75969,4_virtual,-1,-1
76248,281.0,173.0,56088:86380,4_virtual,-1,-1
33456,260.0,165.0,75969:86380,4_virtual,-1,-1
91066,260.0,165.0,56088:75969:86380,4_virtual,-1,-1
82447,341.0,193.0,83114:13,4_virtual,-1,-1
82919,297.0,216.0,49:83114,4_virtual,-1,-1
11888,261.0,177.0,32:83114,4_virtual,-1,-1
43692,261.0,164.0,83114:99,4_virtual,-1,-1
84271,244.0,136.0,83114:22,4_virtual,-1,-1
63810,332.0,116.0,83114:92,4_virtual,-1,-1
34087,242.0,142.0,27281:83114,4_virtual,-1,-1
72289,376.0,175.0,13:78183,4_virtual,-1,-1
63298,244.0,160.0,32:7410,4_virtual,-1,-1
56338,254.0,151.0,7410:75046,4_virtual,-1,-1
79729,268.0,164.0,7410:5,4_virtual,-1,-1
95831,261.0,158.0,4929:7410,4_virtual,-1,-1
47587,242.0,158.0,105:69797,4_virtual,-1,-1
36197,362.0,141.0,92:69797,4_virtual,-1,-1
31530,274.0,161.0,69797:22,4_virtual,-1,-1
33945,314.0,209.0,67270:76582,4_virtual,-1,-1
57364,302.0,208.0,79616:94586,4_virtual,-1,-1
21734,314.0,196.0,33177:71858,4_virtual,-1,-1
17973,263.0,169.0,21952:5,4_virtual,-1,-1
31349,281.0,176.0,21952:95,4_virtual,-1,-1
85774,351.0,210.0,13:72495,4_virtual,-1,-1
88562,342.0,134.0,92:72495,4_virtual,-1,-1
66090,222.0,151.0,105:72495,4_virtual,-1,-1
89685,281.0,164.0,98032:6868,4_virtual,-1,-1
67465,324.0,191.0,88:6868,4_virtual,-1,-1
51802,244.0,141.0,1300:22,4_virtual,-1,-1
49793,262.0,148.0,1128:22,4_virtual,-1,-1
91967,283.0,182.0,31812:1300,4_virtual,-1,-1
23397,302.0,186.0,1128:1300,4_virtual,-1,-1
17665,335.0,197.0,68240:13,4_virtual,-1,-1
22953,208.0,134.0,27281:83027,4_virtual,-1,-1
65476,238.0,159.0,99:22327,4_virtual,-1,-1
50364,217.0,133.0,54332:27887,4_virtual,-1,-1
63026,192.0,113.0,27281:74770,4_virtual,-1,-1
78322,260.0,154.0,34221:45527,4_virtual,-1,-1
88835,259.0,153.0,71304:35358,4_virtual,-1,-1
22968,317.0,218.0,15099:25183,4_virtual,-1,-1
48867,199.0,134.0,105:37738,4_virtual,-1,-1
63165,309.0,111.0,34216:92,4_virtual,-1,-1
86113,290.0,186.0,5045:14687,4_virtual,-1,-1
21639,369.0,211.0,18133:13,4_virtual,-1,-1
10995,229.0,145.0,20420:45623,4_virtual,-1,-1
77949,228.0,141.0,99:54332,4_virtual,-1,-1
92829,186.0,115.0,105:51526,4_virtual,-1,-1
68676,257.0,167.0,19674:99,4_virtual,-1,-1
36608,250.0,143.0,120:66145,4_virtual,-1,-1
83718,234.0,151.0,5:70463,4_virtual,-1,-1
23288,285.0,170.0,99936:64347:20860,5_virtual,-1,-1
67666,337.0,209.0,87156:13,5_virtual,-1,-1
44836,328.0,206.0,66314:13,5_virtual,-1,-1
83382,292.0,232.0,49:87156,5_virtual,-1,-1
24554,267.0,209.0,62392:66314,5_virtual,-1,-1
55440,322.0,201.0,5858:13,5_virtual,-1,-1
90844,283.0,229.0,49:66314,5_virtual,-1,-1
27278,266.0,200.0,66314:87156,5_virtual,-1,-1
48992,251.0,192.0,5858:66314,5_virtual,-1,-1
55645,280.0,175.0,34196:67927,5_virtual,-1,-1
24433,334.0,201.0,13:22277,5_virtual,-1,-1
57872,286.0,205.0,61873:28014,5_virtual,-1,-1
87901,231.0,156.0,33:22277,5_virtual,-1,-1
22427,293.0,186.0,28014:50919,5_virtual,-1,-1
16479,250.0,173.0,88433:22277,5_virtual,-1,-1
55631,244.0,164.0,83212:22277,5_virtual,-1,-1
78417,301.0,196.0,12435:22277,5_virtual,-1,-1
80484,267.0,186.0,22277:28014,5_virtual,-1,-1
72617,291.0,220.0,68240:49,5_virtual,-1,-1
19596,292.0,244.0,49:94710,5_virtual,-1,-1
65665,274.0,207.0,76769:94710,5_virtual,-1,-1
34366,258.0,168.0,39440:21242,5_virtual,-1,-1
33979,277.0,215.0,39440:49,5_virtual,-1,-1
32099,252.0,167.0,39440:95190,5_virtual,-1,-1
8537,260.0,197.0,39440:94710,5_virtual,-1,-1
98272,248.0,164.0,95698:48982,5_virtual,-1,-1
82242,266.0,211.0,72352:84,5_virtual,-1,-1
63463,245.0,161.0,33:31332,5_virtual,-1,-1
28882,287.0,173.0,120:31332,5_virtual,-1,-1
90735,253.0,162.0,47152:37876,5_virtual,-1,-1
70956,310.0,185.0,88:20650,5_virtual,-1,-1
28832,291.0,152.0,17522:99,5_virtual,-1,-1
50849,236.0,172.0,5465:33,5_virtual,-1,-1
9592,236.0,172.0,33:31843,5_virtual,-1,-1
98843,210.0,158.0,5465:105,5_virtual,-1,-1
75759,338.0,218.0,5465:13,5_virtual,-1,-1
38428,210.0,158.0,105:31843,5_virtual,-1,-1
64617,278.0,184.0,120:5465,5_virtual,-1,-1
45056,338.0,217.0,31843:13,5_virtual,-1,-1
29173,257.0,196.0,8912:31843,5_virtual,-1,-1
8167,243.0,190.0,5465:88315,5_virtual,-1,-1
80207,244.0,189.0,22184:5465,5_virtual,-1,-1
24052,255.0,186.0,4080:5465,5_virtual,-1,-1
45315,278.0,219.0,5465:31843,5_virtual,-1,-1
66184,276.0,221.0,21842:31843,5_virtual,-1,-1
55116,327.0,195.0,64564:48183,5_virtual,-1,-1
97627,280.0,173.0,99:48183,5_virtual,-1,-1
67267,302.0,187.0,31812:48183,5_virtual,-1,-1
2843,319.0,187.0,92863:48183,5_virtual,-1,-1
46478,303.0,188.0,11204:4438,5_virtual,-1,-1
27520,277.0,161.0,120:2092,5_virtual,-1,-1
37280,308.0,194.0,35794:78901,5_virtual,-1,-1
71269,318.0,185.0,25460:13,5_virtual,-1,-1
34721,270.0,175.0,35794:75046,5_virtual,-1,-1
79555,276.0,177.0,35794:37540,5_virtual,-1,-1
67721,294.0,182.0,76664:75046,5_virtual,-1,-1
66844,307.0,192.0,35794:64564,5_virtual,-1,-1
97978,307.0,183.0,88:25460,5_virtual,-1,-1
71280,263.0,178.0,8017:31812,5_virtual,-1,-1
59587,263.0,145.0,62731:77877,5_virtual,-1,-1
69756,259.0,174.0,32:52947,5_virtual,-1,-1
12590,271.0,165.0,73705:98501,5_virtual,-1,-1
11582,281.0,180.0,73705:31812,5_virtual,-1,-1
54229,197.0,122.0,105:20253,5_virtual,-1,-1
28662,213.0,124.0,36048:20253,5_virtual,-1,-1
12647,218.0,129.0,9752:20253,5_virtual,-1,-1
30417,266.0,161.0,32:64061,5_virtual,-1,-1
23671,264.0,174.0,70908:90828,5_virtual,-1,-1
50234,273.0,189.0,84:64061,5_virtual,-1,-1
10994,252.0,175.0,20600:32,5_virtual,-1,-1
16234,354.0,206.0,31730:28581,5_virtual,-1,-1
24436,248.0,143.0,19880:77466,5_virtual,-1,-1
35611,295.0,197.0,15997:95,5_virtual,-1,-1
28997,328.0,234.0,49:32095,5_virtual,-1,-1
21516,275.0,169.0,97640:35546,5_virtual,-1,-1
23277,356.0,153.0,35893:94014,5_virtual,-1,-1
37594,360.0,191.0,92875:94014,5_virtual,-1,-1
69884,297.0,166.0,99:94014,5_virtual,-1,-1
74293,311.0,189.0,14704:31355,5_virtual,-1,-1
19608,251.0,173.0,32:31355,5_virtual,-1,-1
93556,228.0,143.0,33:31355,5_virtual,-1,-1
44627,339.0,194.0,65963:13,5_virtual,-1,-1
4559,236.0,148.0,33:65963,5_virtual,-1,-1
9517,266.0,206.0,65963:84,5_virtual,-1,-1
91706,294.0,217.0,49:65963,5_virtual,-1,-1
68029,242.0,137.0,65963:22,5_virtual,-1,-1
11922,330.0,117.0,65963:92,5_virtual,-1,-1
59378,237.0,162.0,32:83498,5_virtual,-1,-1
6036,205.0,118.0,27281:5940,5_virtual,-1,-1
3665,339.0,196.0,35379:36207,5_virtual,-1,-1
32679,266.0,180.0,16472:16550,5_virtual,-1,-1
43395,245.0,175.0,16472:2508,5_virtual,-1,-1
68668,323.0,199.0,52556:48412,5_virtual,-1,-1
63483,269.0,142.0,52556:22,5_virtual,-1,-1
23344,303.0,177.0,50036:21429,5_virtual,-1,-1
15663,251.0,151.0,33:50036,5_virtual,-1,-1
70436,318.0,203.0,24945:64564,5_virtual,-1,-1
1524,297.0,203.0,60698:5,5_virtual,-1,-1
35203,300.0,177.0,14120:88,5_virtual,-1,-1
5071,263.0,157.0,61475:52997,5_virtual,-1,-1
18374,204.0,128.0,105:52997,5_virtual,-1,-1
41936,220.0,130.0,36048:52997,5_virtual,-1,-1
84026,265.0,170.0,91066:64759,5_virtual,-1,-1
33711,320.0,179.0,13:34087,5_virtual,-1,-1
7360,240.0,163.0,32:34087,5_virtual,-1,-1
25091,276.0,202.0,49:34087,5_virtual,-1,-1
17451,240.0,150.0,99:34087,5_virtual,-1,-1
60444,223.0,122.0,22:34087,5_virtual,-1,-1
78983,311.0,102.0,92:34087,5_virtual,-1,-1
17050,253.0,174.0,32:79729,5_virtual,-1,-1
88808,252.0,119.0,105:36197,5_virtual,-1,-1
12366,272.0,172.0,17973:31349,5_virtual,-1,-1
27705,307.0,174.0,98032:67465,5_virtual,-1,-1
48708,253.0,144.0,23397:22,5_virtual,-1,-1
61041,292.0,186.0,31812:23397,5_virtual,-1,-1
38043,304.0,184.0,99:60606,5_virtual,-1,-1
5733,224.0,132.0,54012:77949,5_virtual,-1,-1
22356,325.0,204.0,48992:13,6_virtual,-1,-1
21615,332.0,208.0,13:27278,6_virtual,-1,-1
92431,264.0,207.0,48992:62392,6_virtual,-1,-1
98127,288.0,231.0,49:27278,6_virtual,-1,-1
7432,280.0,227.0,48992:49,6_virtual,-1,-1
89868,255.0,179.0,48992:95190,6_virtual,-1,-1
9647,258.0,196.0,48992:27278,6_virtual,-1,-1
94580,287.0,205.0,61873:80484,6_virtual,-1,-1
10723,230.0,155.0,33:80484,6_virtual,-1,-1
14362,243.0,164.0,80484:83212,6_virtual,-1,-1
95757,294.0,187.0,80484:50919,6_virtual,-1,-1
65936,300.0,195.0,12435:80484,6_virtual,-1,-1
56357,249.0,173.0,88433:80484,6_virtual,-1,-1
16261,333.0,201.0,80484:13,6_virtual,-1,-1
16010,259.0,190.0,32:24883,6_virtual,-1,-1
60995,267.0,193.0,8537:76769,6_virtual,-1,-1
7184,266.0,182.0,8537:21242,6_virtual,-1,-1
35450,259.0,182.0,8537:95190,6_virtual,-1,-1
79915,285.0,229.0,8537:49,6_virtual,-1,-1
13821,325.0,196.0,84600:88,6_virtual,-1,-1
83502,213.0,126.0,33:22044,6_virtual,-1,-1
26347,236.0,172.0,33:45315,6_virtual,-1,-1
72746,235.0,173.0,66184:33,6_virtual,-1,-1
1973,338.0,217.0,45315:13,6_virtual,-1,-1
49379,210.0,158.0,105:45315,6_virtual,-1,-1
53571,209.0,159.0,66184:105,6_virtual,-1,-1
62164,278.0,184.0,120:45315,6_virtual,-1,-1
12439,337.0,218.0,66184:13,6_virtual,-1,-1
27141,243.0,189.0,45315:88315,6_virtual,-1,-1
54557,255.0,186.0,4080:45315,6_virtual,-1,-1
13528,244.0,189.0,22184:45315,6_virtual,-1,-1
59492,256.0,197.0,8912:66184,6_virtual,-1,-1
25796,277.0,220.0,66184:45315,6_virtual,-1,-1
10324,325.0,194.0,2843:64564,6_virtual,-1,-1
59233,279.0,172.0,99:2843,6_virtual,-1,-1
56907,301.0,186.0,2843:31812,6_virtual,-1,-1
20087,269.0,161.0,120:69756,6_virtual,-1,-1
12087,260.0,201.0,30417:84,6_virtual,-1,-1
4696,309.0,205.0,49194:64564,6_virtual,-1,-1
37808,252.0,177.0,37594:23277,6_virtual,-1,-1
21384,364.0,166.0,11922:13,6_virtual,-1,-1
65660,262.0,121.0,33:11922,6_virtual,-1,-1
45027,320.0,189.0,49:11922,6_virtual,-1,-1
58562,292.0,179.0,11922:84,6_virtual,-1,-1
28276,267.0,110.0,11922:22,6_virtual,-1,-1
89932,255.0,162.0,59378:50451,6_virtual,-1,-1
15436,255.0,177.0,43395:32679,6_virtual,-1,-1
89056,296.0,170.0,63483:68668,6_virtual,-1,-1
98953,277.0,164.0,23344:15663,6_virtual,-1,-1
96099,336.0,207.0,88:1524,6_virtual,-1,-1
53230,251.0,153.0,1524:22,6_virtual,-1,-1
91665,319.0,183.0,17451:13,6_virtual,-1,-1
68937,231.0,153.0,32:60444,6_virtual,-1,-1
64188,222.0,126.0,17451:22,6_virtual,-1,-1
52561,284.0,229.0,49:9647,7_virtual,-1,-1
36040,268.0,209.0,62392:9647,7_virtual,-1,-1
95506,258.0,181.0,95190:9647,7_virtual,-1,-1
95588,244.0,182.0,42170:9647,7_virtual,-1,-1
10335,247.0,184.0,61129:9647,7_virtual,-1,-1
27869,287.0,215.0,13966:9647,7_virtual,-1,-1
95640,226.0,160.0,33:9647,7_virtual,-1,-1
33023,273.0,216.0,52270:9647,7_virtual,-1,-1
65881,276.0,219.0,9889:9647,7_virtual,-1,-1
13640,248.0,190.0,32:9647,7_virtual,-1,-1
21585,328.0,206.0,13:9647,7_virtual,-1,-1
54171,320.0,213.0,61873:16261,7_virtual,-1,-1
88735,263.0,163.0,33:16261,7_virtual,-1,-1
80696,327.0,194.0,16261:50919,7_virtual,-1,-1
6400,276.0,171.0,83212:16261,7_virtual,-1,-1
10871,282.0,180.0,88433:16261,7_virtual,-1,-1
57174,333.0,203.0,12435:16261,7_virtual,-1,-1
36856,279.0,209.0,76769:79915,7_virtual,-1,-1
55866,278.0,198.0,21242:79915,7_virtual,-1,-1
97266,272.0,198.0,79915:95190,7_virtual,-1,-1
33067,209.0,158.0,105:25796,7_virtual,-1,-1
49685,338.0,218.0,25796:13,7_virtual,-1,-1
60540,278.0,184.0,120:25796,7_virtual,-1,-1
95070,324.0,223.0,24674:25796,7_virtual,-1,-1
85936,307.0,219.0,25796:85879,7_virtual,-1,-1
65088,272.0,200.0,25796:50574,7_virtual,-1,-1
29917,255.0,186.0,4080:25796,7_virtual,-1,-1
34152,256.0,196.0,8912:25796,7_virtual,-1,-1
96248,243.0,189.0,22184:25796,7_virtual,-1,-1
66143,242.0,190.0,88315:25796,7_virtual,-1,-1
54377,235.0,172.0,33:25796,7_virtual,-1,-1
61395,309.0,196.0,26793:73507,7_virtual,-1,-1
1969,348.0,204.0,42681:28997,7_virtual,-1,-1
43093,359.0,202.0,45027:13,7_virtual,-1,-1
69550,205.0,138.0,105:47797,7_virtual,-1,-1
18301,250.0,174.0,32:56088,7_virtual,-1,-1
78222,298.0,190.0,25091:33711,7_virtual,-1,-1
1838,235.0,158.0,7360:68937,7_virtual,-1,-1
80538,319.0,234.0,21585:49,8_virtual,-1,-1
66355,303.0,214.0,62392:21585,8_virtual,-1,-1
86943,293.0,186.0,21585:95190,8_virtual,-1,-1
6653,279.0,187.0,21585:42170,8_virtual,-1,-1
40980,282.0,189.0,21585:61129,8_virtual,-1,-1
88800,322.0,220.0,21585:13966,8_virtual,-1,-1
27211,261.0,165.0,21585:33,8_virtual,-1,-1
24199,308.0,221.0,21585:52270,8_virtual,-1,-1
8340,311.0,224.0,21585:9889,8_virtual,-1,-1
10685,283.0,195.0,32:21585,8_virtual,-1,-1
29348,188.0,134.0,54377:105,8_virtual,-1,-1
94845,317.0,194.0,54377:13,8_virtual,-1,-1
39105,257.0,160.0,120:54377,8_virtual,-1,-1
92729,303.0,199.0,54377:24674,8_virtual,-1,-1
38737,251.0,176.0,54377:50574,8_virtual,-1,-1
30763,286.0,195.0,54377:85879,8_virtual,-1,-1
59172,222.0,165.0,22184:54377,8_virtual,-1,-1
76284,234.0,162.0,4080:54377,8_virtual,-1,-1
69146,235.0,172.0,8912:54377,8_virtual,-1,-1
97654,221.0,166.0,54377:88315,8_virtual,-1,-1
35232,339.0,213.0,88:25183,9_virtual,-1,-1
89712,234.0,173.0,69146:14263,9_virtual,-1,-1
94351,228.0,163.0,76284:59172,9_virtual,-1,-1
98834,221.0,165.0,59172:97654,9_virtual,-1,-1
45029,296.0,227.0,35232:84,10_virtual,-1,-1
18602,224.0,164.0,98834:94351,10_virtual,-1,-1
27922,250.0,165.0,45029:22,11_virtual,-1,-1
72057,292.0,187.0,94845:50574,11_virtual,-1,-1
