node_id,x,y
0,13.948791999999999,16.375364000000001
1,23.833359999999999,26.340264999999999
2,35.470789000000003,35.855953
3,40.808571999999998,41.372393000000002
4,47.679195999999997,49.139187
5,54.848543999999997,55.263005
6,62.373877999999998,59.312989999999999
7,75.350316000000007,65.576683000000003
8,89.400006000000005,72.164956000000004
9,98.845842000000005,77.006939000000003
10,115.938322,83.891439000000005
11,130.79051100000001,90.706728999999996
12,142.81371200000001,97.329133999999996
13,155.794434,103.027019
14,172.199352,111.307596
15,185.20747800000001,118.609685
16,194.91605200000001,125.424975
17,197.61644999999999,127.353831
18,213.36877100000001,138.99126000000001
19,222.97067899999999,147.00967700000001
20,233.02194600000001,153.41540699999999
21,239.84430900000001,158.206684
22,244.948061,162.320933
23,253.54014000000001,169.24720099999999
24,263.17043200000001,177.01039599999999
25,273.54148099999998,183.542203
26,287.39452299999999,193.228916
27,295.83133800000002,199.53048799999999
28,309.78853700000002,205.727901
29,323.58949999999999,208.74848900000001
30,335.46353599999998,209.477597
31,341.92134499999997,209.63383400000001
32,347.23341299999998,210.050467
33,362.97162300000002,211.45284699999999
34,376.77258599999999,212.23403300000001
35,389.68820399999998,214.52551399999999
36,399.250741,216.457314
37,169.370486,116.34701
38,166.79601299999999,120.933241
39,164.56857600000001,123.42005899999999
40,164.98855399999999,127.038331
41,281.10319900000002,222.600773
42,279.81178299999999,220.55307199999999
43,276.95301899999998,219.280629
44,274.5136,219.09930199999999
45,272.510628,221.03766200000001
46,270.507656,222.10375999999999
47,268.21393,220.294624
48,265.24177900000001,218.67932400000001
49,261.91426100000001,216.25637499999999
50,258.78057899999999,213.445753
51,257.14370700000001,211.297404
52,255.01697200000001,208.22725399999999
53,253.07861299999999,204.70590000000001
54,250.817193,201.83066700000001
55,248.309855,201.032938
56,246.26876200000001,200.09089499999999
57,242.97870800000001,197.780834
58,240.06115500000001,195.688199
59,235.86137500000001,194.202123
60,231.273923,192.037622
61,227.23567399999999,189.679284
62,225.45433,186.85139100000001
63,224.56801999999999,183.109193
64,222.647682,180.40102400000001
65,217.13286500000001,175.526319
66,213.43990700000001,171.93183999999999
67,208.714754,170.94649100000001
68,204.72636,170.060181
69,197.79578100000001,170.060181
70,192.594516,168.023438
71,190.04888099999999,166.798519
72,185.48322200000001,166.74392499999999
73,180.05752100000001,165.995293
74,174.692306,163.38594699999999
75,169.02219500000001,159.37376
76,161.976877,154.598738
77,158.985581,152.32535300000001
78,154.662183,147.809652
79,149.27785,144.25998100000001
80,144.09293700000001,140.63054099999999
81,139.37276900000001,139.74844899999999
82,134.14797200000001,139.868101
83,127.285448,135.986774
84,122.73030199999999,132.691562
85,119.848849,130.19598400000001
86,116.191909,127.655012
87,111.055532,127.443883
88,107.222978,125.154318
89,103.59353900000001,122.72139799999999
90,100.163067,119.908874
91,225.78426200000001,192.16457800000001
92,224.174105,197.04395500000001
93,223.63247100000001,200.44147599999999
94,223.28779499999999,203.888237
95,195.118954,131.07494299999999
96,192.34063800000001,136.631575
97,189.81063800000001,140.720979
98,192.49203600000001,141.85168899999999
99,196.093096,143.67803699999999
100,198.726035,146.31097600000001
101,200.588866,148.17380700000001
102,204.429543,152.01448300000001
103,206.842275,155.116568
104,208.319458,157.28310400000001
105,208.66413399999999,160.58214599999999
106,208.91171199999999,162.08339100000001
107,206.89289500000001,165.97330700000001
108,234.422616,166.56280000000001
109,233.78760199999999,176.48489699999999
110,234.81950000000001,180.374359
111,239.10584600000001,185.930734
112,240.37587400000001,190.29645600000001
113,247.361031,193.39215100000001
114,253.23491200000001,196.64659900000001
115,259.50567799999999,196.96410599999999
116,261.77006599999999,199.201212
117,264.57720599999999,200.83814100000001
118,265.93374699999998,202.61860200000001
119,268.56172800000002,205.911047
120,271.61658799999998,208.929101
121,273.74488400000001,211.031755
122,276.73522500000001,213.98606799999999
123,280.74884700000001,214.23556199999999
124,283.72099800000001,215.04321200000001
125,285.440157,216.278109
126,271.99857700000001,212.79935900000001
127,269.60308800000001,216.159457
128,267.40627999999998,218.25934599999999
129,264.69257700000003,203.23705799999999
130,264.14337499999999,205.36925400000001
131,261.23583500000001,210.02131700000001
132,213.737177,162.378828
133,217.627093,164.49612400000001
134,223.092671,167.89364499999999
135,225.653122,168.927674
136,229.198362,168.632237
137,232.02177499999999,166.35844900000001
138,215.65613500000001,159.44963899999999
139,218.561262,155.067329
140,220.82627600000001,151.86676499999999
141,266.01457399999998,190.375833
142,294.04590200000001,186.56374600000001
143,298.542306,180.28930199999999
144,295.605502,173.92249100000001
145,293.251576,166.88313099999999
146,292.51177100000001,160.22488200000001
147,289.70159200000001,155.54124300000001
148,284.98625600000003,152.807715
149,279.51920000000001,149.80083400000001
150,278.801649,146.34975499999999
151,273.59550300000001,142.47698800000001
152,269.22254099999998,140.67992599999999
153,262.14210300000002,140.67992599999999
154,255.13743700000001,140.23572799999999
155,248.33778599999999,138.117243
156,242.39236299999999,134.597826
157,240.44936000000001,129.27575899999999
158,231.04822200000001,125.269662
159,221.10501300000001,119.973451
160,211.57183499999999,116.146512
161,202.55119199999999,111.362838
162,47.882190999999999,0.0
163,47.882190999999999,4.8138360000000002
164,48.302168999999999,8.2059660000000001
165,51.629686999999997,9.8212659999999996
166,52.178888999999998,15.280979
167,55.118734000000003,20.320715
168,58.870797000000003,23.389085999999999
169,62.809952000000003,23.635283000000001
170,68.866403000000005,28.411508999999999
171,78.320375999999996,32.005988000000002
172,85.625960000000006,35.757745999999997
173,91.342706000000007,40.026947999999997
174,96.081905000000006,42.110112999999998
175,102.487635,48.307526000000003
176,112.64306000000001,49.609504000000001
177,121.600666,55.650680000000001
178,126.33986400000001,58.358792999999999
179,132.01648599999999,63.775019999999998
180,135.81826100000001,65.493629999999996
181,143.63908799999999,73.379168000000007
182,149.96669900000001,78.863097999999994
183,154.986604,78.019417000000004
184,161.01892699999999,77.049182999999999
185,167.05124900000001,77.555391999999998
186,173.46322900000001,83.081505000000007
187,177.977903,85.479924999999994
188,185.00858199999999,88.917146000000002
189,188.78294,90.762388000000001
190,192.08425199999999,95.167841999999993
191,196.52062000000001,97.289584000000005
192,201.98571100000001,99.925686999999996
193,205.89865399999999,103.486856
194,212.048528,106.100685
195,225.588348,108.47774200000001
196,234.14389800000001,111.40464
197,241.49866900000001,115.907561
198,243.600032,117.70873
199,241.49866900000001,125.51379300000001
200,78.462193999999997,41.520868
201,67.984459999999999,50.252313999999998
202,147.226992,87.001654000000002
203,198.865557,118.312894
204,259.06521199999997,147.52388300000001
205,256.20086199999997,151.74229
206,250.836714,157.262675
207,298.44117199999999,243.817913
208,295.44438000000002,246.774766
209,293.13012600000002,249.97533000000001
210,293.13012600000002,253.126654
211,291.505225,255.687105
212,289.09249199999999,249.82761199999999
213,284.75942099999997,248.20271
214,310.95079800000002,262.35842400000001
215,317.92129399999999,257.47224299999999
216,319.322227,252.825245
217,323.73004100000003,252.62023099999999
218,324.14006999999998,249.85253299999999
219,327.249459,249.57918100000001
220,333.63907999999998,250.29673199999999
221,337.39768099999998,245.23970499999999
222,339.99453299999999,239.670142
223,342.283863,235.22815900000001
224,347.23341299999998,231.46955800000001
225,346.41377,220.50091900000001
226,333.43516399999999,238.89819600000001
227,326.68936000000002,238.011887
228,318.76181000000003,234.17121
229,313.67012099999999,231.95410699999999
230,304.06842999999998,229.59061399999999
231,301.55254600000001,226.93547000000001
232,303.034402,224.46971199999999
233,303.034402,220.18588
234,303.92071199999998,217.52695
235,307.61367000000001,210.781147
236,288.44635299999999,211.872477
237,294.56521800000002,214.52334500000001
238,297.42110600000001,215.60661200000001
239,299.48907700000001,219.40751299999999
240,370.98258499999997,159.940167
241,366.80339800000002,162.19049899999999
242,360.50246900000002,163.99076400000001
243,356.32328200000001,163.79787899999999
244,349.63658199999998,164.69801100000001
245,347.19336499999997,169.19867500000001
246,344.59523999999999,175.541663
247,340.69955099999999,181.671941
248,337.42049600000001,188.10146
249,337.03472499999998,194.273799
250,339.15646600000002,200.38184200000001
251,342.238159,205.59444400000001
252,381.39694100000003,63.133526000000003
253,379.57127500000001,66.626104999999995
254,380.04753499999998,69.721799000000004
255,377.03121800000002,74.087522000000007
256,375.52305899999999,78.532621000000006
257,371.55421999999999,82.183953000000002
258,368.45852600000001,87.819704000000002
259,367.82351199999999,93.376079000000004
260,369.807931,96.313018999999997
261,372.03048100000001,100.36123499999999
262,372.90362499999998,107.02888400000001
263,374.25303100000002,113.458403
264,376.78358100000003,117.83765699999999
265,380.44840699999997,122.916977
266,380.57923599999998,129.452811
267,380.05828200000002,139.48814400000001
268,379.26451400000002,145.123895
269,375.61318199999999,149.88650200000001
270,373.073125,154.25222500000001
271,373.54111699999999,164.69172599999999
272,374.09427699999998,172.59410299999999
273,370.98258499999997,179.261752
274,368.14101900000003,182.99246099999999
275,367.10912100000002,189.263226
276,370.98258499999997,196.32775899999999
277,376.158073,201.72538
278,377.26934799999998,207.59926200000001
279,298.58256499999999,174.48987299999999
280,302.78234400000002,177.26818900000001
281,304.88223399999998,179.46499700000001
282,306.07755600000002,181.726417
283,304.94565,184.788307
284,302.35319299999998,188.696934
285,299.24224500000003,195.27778499999999
286,292.87307700000002,204.893878
287,276.31192199999998,228.58986999999999
288,272.978859,230.36055899999999
289,267.250157,233.22490999999999
290,259.28205500000001,236.45381399999999
291,254.12622300000001,241.34925000000001
292,246.00188299999999,247.44250500000001
293,244.80406400000001,252.181704
294,245.37693400000001,255.931399
295,252.30345500000001,260.98307199999999
296,256.99057399999998,265.61811299999999
297,257.35512799999998,270.20107400000001
298,260.427795,274.26324399999999
299,260.32363700000002,280.66897399999999
300,264.28164900000002,284.93946
301,267.82302800000002,284.00203599999998
302,271.31232799999998,281.13768599999997
303,273.36366600000002,276.84073100000001
304,274.275508,272.40310299999999
305,274.518665,267.60073699999998
306,275.06576999999999,264.68284499999999
307,277.31497899999999,262.79837199999997
308,281.26629200000002,263.83179200000001
309,286.37260500000002,264.86521299999998
310,292.573127,265.16915999999998
311,296.76759800000002,265.65547500000002
312,301.56996299999997,267.90468399999997
313,307.92393800000002,268.482463
314,301.98692,272.75295
315,293.81049999999999,275.35690499999998
316,287.09229599999998,277.49214799999999
317,282.76972999999998,280.77313199999998
318,276.46815900000001,281.13768599999997
319,216.99177900000001,130.21981099999999
320,211.59426500000001,141.393216
321,210.584473,143.93921499999999
322,210.732191,148.12456800000001
323,208.66413399999999,150.14338499999999
324,204.67573999999999,149.40479300000001
325,202.36148600000001,148.27228600000001
326,277.16487100000001,234.21318199999999
327,280.99460499999998,236.462391
328,284.21644500000002,236.64475999999999
329,290.84249299999999,240.47449399999999
330,294.61143800000002,242.96686099999999
331,304.15537899999998,246.12791100000001
332,305.37116800000001,250.93027599999999
333,303.182748,255.30711600000001
334,302.14932800000003,258.225008
335,306.40458799999999,261.082112
336,307.92393800000002,273.91855500000003
337,306.57743599999998,280.240657
338,307.92393800000002,286.38038899999998
339,311.13664299999999,291.66906999999998
340,316.30374499999999,293.97906799999998
341,319.64716399999998,294.89091000000002
