cluster_num,noise_num,dbcv,silhouette,calinski,eps,min_samples
4,1043,0.5520031675018644,0.9376863609998561,3358.1483606704164,0.1,5
3,1048,0.6428072784949654,0.9349871513817286,2448.528489584957,0.1,6
1,0,-1.0,-1.0,-1.0,0.1,7
1,0,-1.0,-1.0,-1.0,0.1,8
0,0,-1.0,-1.0,-1.0,0.1,9
0,0,-1.0,-1.0,-1.0,0.1,10
0,0,-1.0,-1.0,-1.0,0.1,11
0,0,-1.0,-1.0,-1.0,0.1,12
0,0,-1.0,-1.0,-1.0,0.1,13
0,0,-1.0,-1.0,-1.0,0.1,14
7,1011,0.3108706749785537,0.9061519419733614,4147.593444874858,0.12000000000000001,5
7,1019,0.312664393365128,0.9142771800671988,5566.041324529335,0.12000000000000001,6
3,1044,0.18841315194511254,0.9089343198806871,1530.7846652835997,0.12000000000000001,7
2,1052,0.7263435304667722,0.9188292670895999,988.8168570682478,0.12000000000000001,8
0,0,-1.0,-1.0,-1.0,0.12000000000000001,9
0,0,-1.0,-1.0,-1.0,0.12000000000000001,10
0,0,-1.0,-1.0,-1.0,0.12000000000000001,11
0,0,-1.0,-1.0,-1.0,0.12000000000000001,12
0,0,-1.0,-1.0,-1.0,0.12000000000000001,13
0,0,-1.0,-1.0,-1.0,0.12000000000000001,14
10,987,0.16371070645170183,0.9086092307019982,6315.481644903838,0.14,5
7,1007,0.06764910459004812,0.8804733337551431,3693.5904529640025,0.14,6
4,1029,0.3531082889316359,0.8893949839784842,1740.4312567873515,0.14,7
2,1043,0.4626619114100159,0.8739562062542077,506.33543114041476,0.14,8
1,0,-1.0,-1.0,-1.0,0.14,9
1,0,-1.0,-1.0,-1.0,0.14,10
1,0,-1.0,-1.0,-1.0,0.14,11
0,0,-1.0,-1.0,-1.0,0.14,12
0,0,-1.0,-1.0,-1.0,0.14,13
0,0,-1.0,-1.0,-1.0,0.14,14
14,952,0.18140509053828888,0.8892391494618624,7696.435177060713,0.16,5
6,996,-0.06945877779123058,0.8749287901642807,1846.758042287592,0.16,6
6,1005,-0.006331102459254366,0.8497275679506323,2636.9224074285594,0.16,7
4,1024,-0.018348545830558605,0.8670952109720758,1413.3367424098954,0.16,8
2,1040,0.15996887901469056,0.8553386639129883,466.0486996310776,0.16,9
1,0,-1.0,-1.0,-1.0,0.16,10
1,0,-1.0,-1.0,-1.0,0.16,11
1,0,-1.0,-1.0,-1.0,0.16,12
1,0,-1.0,-1.0,-1.0,0.16,13
1,0,-1.0,-1.0,-1.0,0.16,14
17,915,0.07371138090750938,0.8125415898681941,2359.6710137635305,0.18,5
7,972,-0.09354771750366708,0.840344535802116,1459.2859619166277,0.18,6
6,992,-0.08077224574460815,0.8334976182351835,1559.854066001969,0.18,7
4,1010,-0.1486392118464331,0.8101509565355204,711.3466088648152,0.18,8
2,1036,-0.2061388679932664,0.8266121064892625,332.15247056828406,0.18,9
1,0,-1.0,-1.0,-1.0,0.18,10
1,0,-1.0,-1.0,-1.0,0.18,11
1,0,-1.0,-1.0,-1.0,0.18,12
1,0,-1.0,-1.0,-1.0,0.18,13
1,0,-1.0,-1.0,-1.0,0.18,14
18,863,-0.05923332079503771,0.7586184307060093,1942.7622498155524,0.2,5
7,946,-0.1005135312831574,0.6808762264064664,566.5722554255647,0.2,6
4,972,-0.20309937036331288,0.6561197054893868,324.3791814960973,0.2,7
3,988,-0.3346839789599249,0.6662831988703447,191.69002906172,0.2,8
3,1002,-0.2687000999919475,0.721165789180458,258.2654052912074,0.2,9
3,1013,-0.37331140066364205,0.7879390801327969,516.0048839652173,0.2,10
2,1033,-0.15022355910122853,0.8153720933885958,340.49942337804697,0.2,11
1,0,-1.0,-1.0,-1.0,0.2,12
1,0,-1.0,-1.0,-1.0,0.2,13
1,0,-1.0,-1.0,-1.0,0.2,14
23,812,-0.06791403431431849,0.7640724154262731,3019.1805417112837,0.22,5
9,910,-0.15862680144212377,0.7036360373293815,849.3308688832352,0.22,6
7,940,-0.17029353769592315,0.7050833171359069,786.3018376704524,0.22,7
4,961,-0.2648393627478951,0.6604084894669812,380.6743763654032,0.22,8
4,972,-0.3360883957504884,0.6777614358537288,292.8328687856192,0.22,9
3,1001,-0.37080456488268027,0.6846225824089422,242.12449886782568,0.22,10
2,1009,0.6007502511082402,0.7780754273726761,253.87375844609662,0.22,11
2,1021,-0.4522521580877836,0.680264876124986,70.79669845101718,0.22,12
2,1029,-0.41841468785984337,0.8091327894552691,398.1872996871288,0.22,13
1,0,-1.0,-1.0,-1.0,0.22,14
27,752,-0.03023465840550564,0.772152627578962,4527.817274943508,0.24000000000000002,5
15,844,-0.10693364013031442,0.7420044861281541,1683.40776784981,0.24000000000000002,6
8,907,-0.20954032976508244,0.6910450180866483,735.4492454354285,0.24000000000000002,7
6,930,-0.21891191403504912,0.7971463712096939,680.8072242746379,0.24000000000000002,8
4,959,-0.22982016244848985,0.6493648342278332,357.86382632033354,0.24000000000000002,9
3,971,-0.3112550828990534,0.6266116437564407,108.71083662482967,0.24000000000000002,10
3,997,-0.4049572001424272,0.6711051805985431,235.72083934557634,0.24000000000000002,11
1,0,-1.0,-1.0,-1.0,0.24000000000000002,12
1,0,-1.0,-1.0,-1.0,0.24000000000000002,13
2,1017,-0.3882608925071075,0.7642432522019695,323.26286997054683,0.24000000000000002,14
32,661,-0.17077067888930114,0.7696254343358262,6194.428569541473,0.26,5
19,776,-0.2392161496227012,0.7499400284906135,2757.9009786446404,0.26,6
12,846,-0.20947476194350081,0.7391064131475845,1619.97431271157,0.26,7
8,895,-0.3305132955042764,0.800069511371163,913.4066821901213,0.26,8
5,929,-0.35539595035524174,0.7821831620755482,455.6126144327292,0.26,9
3,954,-0.08410999257330984,0.7386562654634989,326.06512010854124,0.26,10
3,973,-0.5212065897571,0.6348295446213061,213.34782110134816,0.26,11
2,994,-0.6745125094544336,0.5990656933780079,73.65210100516839,0.26,12
1,0,-1.0,-1.0,-1.0,0.26,13
1,0,-1.0,-1.0,-1.0,0.26,14
32,579,-0.20749758454147574,0.6786300576743,2707.658742808987,0.28,5
25,675,-0.1729451627362542,0.6983171830467533,1736.824428776512,0.28,6
13,783,-0.013628675424956929,0.6975315068462965,1280.4948490585844,0.28,7
11,835,-0.1472821835812902,0.7389548879831683,921.3298056715688,0.28,8
10,872,-0.24821153441744878,0.7946252781089045,1285.819849402496,0.28,9
5,924,-0.3485379787826263,0.7239844748972255,370.8572867281249,0.28,10
2,960,-0.47551163994290546,0.5991124092769774,105.15005228308216,0.28,11
2,964,-0.22211753797320485,0.6106855006947197,109.79846531034768,0.28,12
1,0,-1.0,-1.0,-1.0,0.28,13
2,989,-0.6724316656689544,0.6134041024013381,106.24442771792188,0.28,14
27,505,-0.2086230756242111,0.4803243253700474,702.9343486192859,0.30000000000000004,5
23,598,-0.19363778344629423,0.6355592900410453,1855.4240479451723,0.30000000000000004,6
16,667,-0.11955193969469208,0.6393402546731253,1293.2762247547753,0.30000000000000004,7
13,759,-0.1334519311455679,0.6817693089503916,1411.441476134964,0.30000000000000004,8
12,820,-0.31263726387989277,0.6932070884090933,1751.7194501288293,0.30000000000000004,9
9,864,-0.14928433007040393,0.7008983354873132,1175.6906939882492,0.30000000000000004,10
3,936,-0.4352550493737932,0.6248309704648175,343.7662595776753,0.30000000000000004,11
2,947,-0.5534973395002917,0.5998930492187974,132.7619436700309,0.30000000000000004,12
2,954,-0.5300131108518453,0.5871639632744811,107.73540203627792,0.30000000000000004,13
1,0,-1.0,-1.0,-1.0,0.30000000000000004,14
28,437,-0.31445430798215007,0.32045203391190086,523.106040085056,0.32,5
25,527,-0.28179559245078534,0.4812818445730753,745.9657703096623,0.32,6
16,615,-0.1619641582652104,0.4352841335917431,396.24586763675967,0.32,7
12,696,-0.1447280984324865,0.6189593376472583,976.522511217892,0.32,8
12,740,0.04860225931291666,0.6806561836979509,814.5464821898199,0.32,9
10,804,-0.21989415533511142,0.7320084566397396,1513.0166440045227,0.32,10
7,877,-0.1808478774138697,0.6767526938549925,801.1436288332344,0.32,11
4,920,-0.4056904240619625,0.6311867619740048,374.0305322225137,0.32,12
2,950,-0.558596633749681,0.5872583010124987,108.89946683631119,0.32,13
1,0,-1.0,-1.0,-1.0,0.32,14
27,395,-0.36705877653034175,0.3573540038924747,503.34878107416597,0.33999999999999997,5
23,479,-0.3421549744040675,0.46625708615225336,761.3694165900833,0.33999999999999997,6
20,568,-0.35925648975113933,0.4654720510009242,514.4376312107495,0.33999999999999997,7
12,639,-0.15561963322460512,0.4048339167035533,326.55807553515933,0.33999999999999997,8
13,679,-0.11323731524389802,0.6289262639241383,1088.7704566356542,0.33999999999999997,9
8,742,-0.10911824493202146,0.6193771018086153,840.0790397289959,0.33999999999999997,10
8,791,-0.07065605035000994,0.7031007580243386,1585.260773315379,0.33999999999999997,11
9,823,-0.14803942560292163,0.6742664153388969,1241.6911640129842,0.33999999999999997,12
3,925,-0.4759479539654088,0.6125140555397635,184.05287920572786,0.33999999999999997,13
2,942,-0.4448987772054872,0.6014822754551945,127.33778397255863,0.33999999999999997,14
24,347,-0.3881587374993162,0.4000404529476172,390.02414646424154,0.36,5
18,426,-0.33701591924905183,0.48019416433986495,425.5145299911525,0.36,6
19,492,-0.47302030254675026,0.45644694908867656,436.99832846570115,0.36,7
14,570,-0.442008258398521,0.3432636414147155,371.40085926944397,0.36,8
15,602,-0.23525286161354717,0.654915806491102,857.0126928030903,0.36,9
11,672,-0.08690485974365994,0.628070993312196,995.5905150176575,0.36,10
8,726,-0.039447846915752156,0.636201816939939,832.9658884180394,0.36,11
6,787,-0.0015103839606386005,0.6067542187803322,655.1283535284629,0.36,12
6,830,-0.13012260944260154,0.6110435365419367,646.5656405008318,0.36,13
6,879,-0.3249883385226599,0.6494861743025625,647.2247648688682,0.36,14
19,313,-0.4022557939783869,0.386944884965604,368.19820123442764,0.38,5
15,373,-0.3822328234954838,0.5229363618335275,305.3921390305375,0.38,6
13,445,-0.45005756749321696,0.5289208822793529,290.2866215666115,0.38,7
14,519,-0.4272141952547452,0.325898693740592,376.44294335092235,0.38,8
15,568,-0.22940713890946451,0.6392176140153472,985.4401945051482,0.38,9
10,631,-0.14545541758738945,0.6682164635845551,800.5226033281455,0.38,10
10,681,-0.13045959989176809,0.6293816338029433,901.1230047448904,0.38,11
7,744,-0.04362552638775167,0.6141843999779587,768.6790496876514,0.38,12
8,768,-0.12427794517660672,0.6659953758334071,1076.3848125174336,0.38,13
6,831,-0.2543326676662252,0.6363883350574119,597.2458047383438,0.38,14
17,297,-0.41696429521155354,0.292112908677853,242.36702793440003,0.4,5
14,340,-0.3604391979788368,0.5548818662268687,314.9761317022334,0.4,6
13,390,-0.4402294963875864,0.5045035104104338,317.21290668449103,0.4,7
9,481,-0.45653735602241374,0.4776979088438659,312.23993278663727,0.4,8
13,521,-0.3780409669997543,0.6242106968655781,1030.7170317926893,0.4,9
11,593,-0.1893182950677241,0.6776457536763377,874.5110218994088,0.4,10
10,630,-0.24420711672105289,0.6498363610793192,704.767573090475,0.4,11
10,677,-0.13578068030562293,0.6213550533737963,964.520516821295,0.4,12
9,716,-0.08298334046330255,0.619712549834068,895.7434247503342,0.4,13
8,774,-0.12075381131049334,0.6485908448066336,1148.6211902329196,0.4,14
14,282,-0.416347680700846,0.33699832459797413,282.9672505172516,0.42000000000000004,5
14,311,-0.39634798363391527,0.49923322073709614,341.9634043722083,0.42000000000000004,6
14,351,-0.39731998583459394,0.46310521859268383,382.61795296119345,0.42000000000000004,7
7,433,-0.22670084239522598,0.5317132743471507,379.09103013388983,0.42000000000000004,8
12,477,-0.4380818864200692,0.4741892477303652,354.20840748144093,0.42000000000000004,9
12,530,-0.4288585574584285,0.47200093409974203,380.684089343922,0.42000000000000004,10
10,575,-0.3513027980819307,0.49867834140637013,330.90831585157457,0.42000000000000004,11
8,642,-0.1633458249566018,0.6503701033148949,707.8717550906946,0.42000000000000004,12
8,661,-0.16594159506981765,0.6417221148954851,626.1567592016366,0.42000000000000004,13
6,742,-0.09270815938016416,0.5986910084719105,834.5715758663482,0.42000000000000004,14
17,247,-0.4265358015963157,0.3804171945523382,271.4706680005839,0.44000000000000006,5
12,292,-0.3582555548063521,0.31458683270328736,275.90406056306034,0.44000000000000006,6
10,328,-0.38294042412504836,0.4844805448878531,396.89303348561936,0.44000000000000006,7
10,372,-0.40275800315951443,0.4398860028436966,343.86619424474776,0.44000000000000006,8
8,437,-0.31300349770176195,0.44294389528305556,361.26720110997155,0.44000000000000006,9
9,487,-0.49413859114703496,0.4146908154896039,349.28746181553447,0.44000000000000006,10
12,521,-0.42597200067394164,0.4501410723102307,405.5023278144321,0.44000000000000006,11
9,592,-0.446885031223897,0.47783655793572294,241.91869565216535,0.44000000000000006,12
8,631,-0.15543143997098513,0.6487247102835453,744.2387394335724,0.44000000000000006,13
5,697,-0.26647744069133317,0.6250668332841421,678.3791137604871,0.44000000000000006,14
19,226,-0.4216299734877609,0.39559918746664874,296.3825071614436,0.45999999999999996,5
13,269,-0.370532853153984,0.31740676472858287,274.3733930160377,0.45999999999999996,6
9,305,-0.37153742312837107,0.38937139511442226,278.35099338869173,0.45999999999999996,7
9,348,-0.41681602037570636,0.4389361059758801,372.68007665753737,0.45999999999999996,8
9,389,-0.39158918339019855,0.43112369994764477,344.69495323082685,0.45999999999999996,9
9,425,-0.4328932616110635,0.4450614084149706,315.1003939833681,0.45999999999999996,10
10,474,-0.490206131690634,0.4005328206413073,331.4692875835866,0.45999999999999996,11
11,515,-0.44927727603180845,0.3637257981461578,278.60948389675906,0.45999999999999996,12
8,595,-0.3367214098484125,0.4632207328733123,248.61079226155564,0.45999999999999996,13
6,656,-0.27497248562094145,0.6380993190665613,789.2103684578235,0.45999999999999996,14
17,200,-0.4929676971245855,0.17188158993833574,98.27894539446807,0.48,5
13,241,-0.3985142750619404,0.3542629854308401,271.2340035626298,0.48,6
8,293,-0.3726662146303502,0.3891078419268731,319.27181914210894,0.48,7
9,316,-0.4005440655179218,0.40457376233400694,244.98719547073728,0.48,8
7,361,-0.2392729304113889,0.37228503939817953,262.4887206191405,0.48,9
9,393,-0.3818254726955222,0.4237382125249269,349.7189211979692,0.48,10
7,447,-0.26263655659410856,0.38071190742124716,352.9614546549117,0.48,11
9,481,-0.5141379961998589,0.35279584444220097,314.6350048404881,0.48,12
11,513,-0.4413053635203157,0.45897831347097523,345.1726226717013,0.48,13
8,571,-0.3674393024443674,0.5265881744884222,275.3890625322279,0.48,14
16,172,-0.5037319345159036,0.20479651703355692,92.01286551643432,0.5,5
13,216,-0.49463028927131725,0.15723323964050898,84.86182464597555,0.5,6
10,261,-0.3665215288374631,0.3290190955888179,285.19685448071914,0.5,7
8,306,-0.3985318396076177,0.38724647242245736,271.87930616388996,0.5,8
7,328,-0.35398619654955354,0.38410979889854036,282.56082517380077,0.5,9
7,362,-0.33447851429223613,0.3670710692851399,257.8659885191583,0.5,10
6,401,-0.3804545853036264,0.41260879661385286,450.7677028943844,0.5,11
6,436,-0.3054200967134207,0.40316144551923133,408.55976847042814,0.5,12
8,463,-0.3600756338079838,0.4345731910306388,370.0129375358856,0.5,13
7,521,-0.30109495781402734,0.5373554419920594,322.2747940329113,0.5,14
15,151,-0.5606735544474197,0.1898938845816462,86.04366903710488,0.52,5
13,191,-0.5295544727283146,0.2072032953468557,80.49995583501722,0.52,6
11,229,-0.4613847169429506,0.32548199637812375,276.5896790326517,0.52,7
8,278,-0.4312049882543079,0.394357209591432,301.96666104880484,0.52,8
8,300,-0.37662028547317056,0.38782209053225386,275.7909671172373,0.52,9
7,337,-0.3398068604820277,0.36476682129394544,276.54709365903597,0.52,10
5,372,-0.3111140929714151,0.35152000231721336,335.13817388073153,0.52,11
6,390,-0.4093670516089965,0.3751584162174897,435.6193042857172,0.52,12
7,420,-0.4512552113108533,0.4985003306963986,350.60105197742064,0.52,13
7,474,-0.3922279810954676,0.5111305615882271,343.84579842128244,0.52,14
15,125,-0.5981275413703052,0.2562919147844378,76.9941804870338,0.54,5
13,180,-0.5560152671398693,0.20425145313744072,82.79595705025676,0.54,6
13,204,-0.5110715315309583,0.3239734498990604,253.31194354865576,0.54,7
8,262,-0.4870057384454996,0.38912474047824247,308.0954373994671,0.54,8
8,279,-0.45250768822130977,0.3786797229774029,278.0756355081768,0.54,9
8,305,-0.40858145079685443,0.3952589284842125,262.6813298602685,0.54,10
7,336,-0.41512333220326453,0.36073671654638356,254.53610257375155,0.54,11
6,360,-0.40853106740741735,0.3306054661536095,272.57375368628846,0.54,12
4,390,-0.3483887470446597,0.49317953726294195,370.22754142059824,0.54,13
7,438,-0.4680609663567216,0.5050016886050147,360.50583122287975,0.54,14
12,120,-0.6158316380692687,0.20770289492185073,63.689355274234494,0.56,5
14,151,-0.5672879627230607,0.1747619840068608,87.21261270785934,0.56,6
11,194,-0.5048225606524444,0.34477132032319224,304.5937713734871,0.56,7
8,239,-0.4831786079563029,0.3891119505582899,313.37207883955125,0.56,8
8,256,-0.4593263326609785,0.36966183183520873,285.3902653767394,0.56,9
8,287,-0.4386520416405004,0.38391355782291986,277.080988140665,0.56,10
5,329,-0.3229761462131468,0.37450106698322966,367.9034024712439,0.56,11
5,345,-0.33133093180658824,0.3391067653612171,346.95619847533123,0.56,12
5,350,-0.33269293795117055,0.33293955936579117,346.24522218842105,0.56,13
7,385,-0.537508160344174,0.4240612960315119,389.0145949615226,0.56,14
10,116,-0.6297128698742485,0.1815112394853633,63.273086186479915,0.58,5
13,135,-0.5849789133994299,0.1715516368327529,75.38424850031211,0.58,6
8,179,-0.5979387502203317,0.1671731194462504,90.10641233018913,0.58,7
9,213,-0.4851863069635093,0.41710111757573753,324.8013814402599,0.58,8
8,239,-0.4669821659161889,0.38589036494679135,313.1768680622706,0.58,9
8,260,-0.4560760319461453,0.37541929895367837,282.07631388781226,0.58,10
6,298,-0.3576989050209377,0.38156162680573186,361.8813971519766,0.58,11
5,319,-0.3397129041108672,0.3731020791607451,376.5538005757957,0.58,12
6,327,-0.3619767020865527,0.34168892831797765,305.1847830731162,0.58,13
4,359,-0.3420966410910633,0.501315236415547,429.46304358529466,0.58,14
8,106,-0.5992154845103062,0.06191966165336188,37.35927934907807,0.6,5
10,126,-0.5592233670539174,0.07701133482335284,40.80714080221283,0.6,6
7,166,-0.5376886906051274,0.08919341219091742,52.675732878191106,0.6,7
7,188,-0.5843697779371256,0.1618568187180451,90.88753308108399,0.6,8
8,210,-0.476220753377804,0.3806930089710845,323.0867117887103,0.6,9
7,238,-0.4764927239170496,0.3692716721746162,340.78356643248236,0.6,10
7,272,-0.4212158741553782,0.3936113705612494,340.96581312145236,0.6,11
5,304,-0.32205019148657105,0.36793557167101454,382.58182164663094,0.6,12
6,310,-0.3417778541247427,0.33594112115140795,311.0530920907753,0.6,13
4,343,-0.35906134340275464,0.4982024035920488,442.8300136956536,0.6,14
7,92,-0.6144772027949611,0.04809699917088583,40.628061536234306,0.62,5
8,108,-0.5932819151345792,0.05756135992550459,36.9351428140981,0.62,6
6,159,-0.5425772743020213,0.06150988267442169,49.562964070581494,0.62,7
7,181,-0.5857587372627501,0.15996409377277157,90.17939873051922,0.62,8
7,195,-0.5858629557633707,0.08710168063709188,84.542611898761,0.62,9
7,225,-0.47935870015195614,0.367720331168347,344.66326055192087,0.62,10
7,247,-0.46766640661784364,0.38459622369663565,341.7990480849313,0.62,11
6,271,-0.3020474180409177,0.38915292567067583,395.98438474608133,0.62,12
6,284,-0.3119290100309885,0.3727219117094327,349.574489869637,0.62,13
4,330,-0.3520683028177075,0.4932024832536826,445.2256658337768,0.62,14
6,83,-0.6364544934525121,0.04714904567649375,47.96000619542484,0.64,5
7,99,-0.614141211846504,0.05375841433464906,41.30425909661701,0.64,6
5,139,-0.5497838206327108,-0.003379134103812378,52.669532897035296,0.64,7
5,159,-0.5555376639767187,0.08172340051303022,59.19931095972409,0.64,8
6,172,-0.5987802802965416,0.16527335039260452,107.91524738430745,0.64,9
6,195,-0.6000463061787334,0.16709425912756967,101.17669166068521,0.64,10
6,227,-0.5118334477798011,0.36817193183150865,404.5153043365306,0.64,11
6,241,-0.49753462583451913,0.3713390820708689,411.1497195528205,0.64,12
6,264,-0.37818028388005304,0.36295851362077997,359.80510256591094,0.64,13
6,276,-0.3707298890509582,0.3490173399164762,350.25219482477394,0.64,14
5,78,-0.6578587607529208,0.0055806121262997966,25.652170369442313,0.66,5
6,93,-0.5733728906979682,0.04753354701879792,46.30336295664841,0.66,6
6,113,-0.5962285080659981,0.14042339770842063,44.763510061783876,0.66,7
5,144,-0.5255082417597986,0.008746004872194539,53.63718407894956,0.66,8
5,163,-0.6103516366298458,0.3224907674952886,110.64874366996378,0.66,9
6,182,-0.5985992482338116,0.16572623403740197,102.03542551531052,0.66,10
6,197,-0.6044315760989287,0.09330962023591423,93.78437958261944,0.66,11
6,228,-0.5009143754186083,0.3641238837731605,405.1328488637167,0.66,12
6,251,-0.4422941228861242,0.358146172763975,356.921663325387,0.66,13
6,262,-0.43160999595854727,0.34282482041257073,347.85222328277644,0.66,14
5,65,-0.6266542192426926,-0.006596276794011437,24.79941736411551,0.6799999999999999,5
5,85,-0.4820978977979009,0.046367895228173236,57.182418204388696,0.6799999999999999,6
5,99,-0.48898541439028115,0.16926110718313347,52.27841613510001,0.6799999999999999,7
5,132,-0.621005076100196,0.10646350504297378,53.22015622688591,0.6799999999999999,8
6,148,-0.6071686088173537,0.3017123642750456,94.26671652105536,0.6799999999999999,9
5,160,-0.6097360716876814,0.32136505486679834,111.7532825148764,0.6799999999999999,10
5,177,-0.6138369631300848,0.3346580441454573,105.80036039438933,0.6799999999999999,11
6,204,-0.5049788385164923,0.3674952618772287,408.1978879979496,0.6799999999999999,12
6,219,-0.488790534005696,0.34429518290569155,376.85291529716636,0.6799999999999999,13
6,233,-0.486947894072358,0.3481868718867088,369.59009188034224,0.6799999999999999,14
4,59,-0.6686798874301794,-0.06914696977447823,16.03083504708412,0.7,5
6,69,-0.5811361040938409,0.04985874756981956,52.32883648378594,0.7,6
6,86,-0.5070905308879597,0.04006670638136047,47.018062901791424,0.7,7
4,117,-0.4749289019929111,0.1866424532808337,65.58906173385019,0.7,8
5,130,-0.6458018531653569,0.0626890340295167,56.48123298448008,0.7,9
6,145,-0.6129005510877474,0.1904460428635792,89.10734924703688,0.7,10
5,166,-0.5943019226149425,0.3301626983032398,104.84228359941235,0.7,11
5,197,-0.559315012711806,0.4597450344472879,388.7328645511975,0.7,12
5,205,-0.5577898988828369,0.46631020013320357,396.55699076424327,0.7,13
6,218,-0.5438413402523362,0.3421879017644688,370.3379767277172,0.7,14
4,56,-0.6690500856797281,-0.0693220976536452,16.04334485527757,0.72,5
5,65,-0.6165162307190145,-0.04936821601554247,44.699006712989664,0.72,6
6,80,-0.48898581433707455,0.03793330050239144,46.71216124021913,0.72,7
4,103,-0.43137845187080726,0.18041008588276713,64.38025826877289,0.72,8
5,114,-0.6411797671109991,0.06164984042036812,55.34110051126403,0.72,9
5,131,-0.6349631536097525,0.07461586912343145,55.18622861387228,0.72,10
4,159,-0.36218064588951826,0.24803814465683405,65.01708442857182,0.72,11
6,169,-0.5512745252953524,0.46002748658415027,335.8864149787118,0.72,12
5,195,-0.5599350286079706,0.4599739499447389,388.75854685015616,0.72,13
5,205,-0.5199772876849579,0.4369467718855534,364.8653767438223,0.72,14
2,52,-0.2055965072224272,0.2894375499475154,42.769637567378695,0.74,5
4,62,-0.5325028495763354,-0.02588161415129819,56.09864928114251,0.74,6
5,74,-0.48062875183760595,0.045517700934775474,58.14023244528208,0.74,7
4,98,-0.42892512681390277,0.18173322561620314,65.2431858322656,0.74,8
5,103,-0.6500057236485082,0.05602623544678947,54.87425200148112,0.74,9
5,121,-0.6359812951128971,0.06494028182566434,55.053643119718416,0.74,10
4,145,-0.3642659911620482,0.2381119235131841,66.31688611373288,0.74,11
4,150,-0.3630582909591312,0.23822652265763544,66.25516217068802,0.74,12
5,179,-0.569009914257379,0.4528374778200226,383.5409072447879,0.74,13
5,195,-0.5085312644911879,0.43249557752625106,366.0467578359181,0.74,14
2,46,-0.2069866624815659,0.2891325334256757,42.80745864908481,0.76,5
4,53,-0.5341264576202581,-0.019584105096443722,56.271004714490566,0.76,6
5,63,-0.4797330816977315,0.05323195611122493,62.248775342723306,0.76,7
4,92,-0.43014776741841365,0.18153233422865334,65.29374020230212,0.76,8
4,97,-0.5078476025830505,0.18368951001488956,65.97176398384347,0.76,9
4,113,-0.3673799044546516,0.19299599656126148,65.85593583544568,0.76,10
5,122,-0.6339240240634572,0.06674056249927865,52.07989052143233,0.76,11
4,141,-0.36528243466296817,0.23749287340310485,66.26295282313902,0.76,12
4,158,-0.34599412824657266,0.23529112854526776,59.743727024870665,0.76,13
4,185,-0.5328238952936408,0.30866167918065335,109.239820984405,0.76,14
2,40,-0.20857899411669265,0.28702630866814566,42.65518023507623,0.78,5
3,48,-0.5474063407186328,0.1815833576731441,77.4509421466441,0.78,6
4,55,-0.5290618999722534,-0.02204057574815178,55.597823132735996,0.78,7
5,76,-0.4945366870046625,0.16887962920610725,55.651538348158645,0.78,8
5,87,-0.5183550143727905,0.1727226703470347,55.431326023711215,0.78,9
4,107,-0.36895726376979004,0.18841065560029657,65.06574683479157,0.78,10
4,113,-0.3673833472084112,0.1924058033613446,65.72284317345563,0.78,11
4,129,-0.3631848651484922,0.23046654468253278,69.30126510954378,0.78,12
4,146,-0.3604688027553284,0.22821644954933767,59.73885069646907,0.78,13
4,154,-0.36082827813163104,0.23016124362518953,60.021724769537066,0.78,14
2,34,-0.20975360732173254,0.2881551896634532,42.91734849985595,0.8,5
2,42,-0.05758447220278056,0.28830057089228983,42.77628126081636,0.8,6
4,49,-0.533274871958034,-0.016802509439872635,56.02762829073217,0.8,7
4,58,-0.5413019785136867,0.013291837827458634,52.61067306610801,0.8,8
4,80,-0.5126250814088836,0.17618292753797707,71.63305522026482,0.8,9
4,97,-0.3760296927573224,0.18195205040798654,63.83138994576333,0.8,10
4,101,-0.3750987670259882,0.18381230206345398,64.05380518416105,0.8,11
4,113,-0.3674228394234455,0.2254378633611541,68.75228635034055,0.8,12
4,135,-0.3683864447707828,0.2339342785705823,64.15032220992552,0.8,13
4,139,-0.3698059200832611,0.22464585609304832,60.538240919456975,0.8,14
2,33,-0.2099889576448785,0.2881128878248733,42.92938749030461,0.82,5
2,39,-0.0833358081375694,0.2882897159793436,42.822137482130046,0.82,6
3,45,-0.548076284321551,0.004699233174897033,23.944667382605804,0.82,7
3,56,-0.5502708979672853,0.007140647146714061,23.97911370708858,0.82,8
4,71,-0.5100833506711403,0.17841029715557422,73.58815974957098,0.82,9
4,87,-0.37589872563312704,0.18269006203260224,65.25193262182235,0.82,10
4,94,-0.3767728470011321,0.18094087209364834,63.65260789413039,0.82,11
4,103,-0.34580057621797167,0.22215067897374652,67.98025601197321,0.82,12
4,126,-0.36926100356505565,0.23117539444765392,65.67612895678354,0.82,13
4,136,-0.3705975683921319,0.22318080564459392,60.41749130294334,0.82,14
2,29,-0.21063960224987618,0.2880730592835958,42.999103177556734,0.84,5
2,34,-0.20943641382132816,0.28871952374895943,42.97231521536699,0.84,6
3,39,-0.547359855091862,0.012039573880163884,24.466756793117806,0.84,7
3,47,-0.550438484175922,0.013736047563175525,24.52618195027599,0.84,8
3,57,-0.5220183864863905,0.1585565673664715,47.5671144575591,0.84,9
4,63,-0.6493821693839673,0.16880612242401827,62.74104215165476,0.84,10
4,80,-0.4722896241176009,0.18677518134821705,71.0829182986952,0.84,11
4,90,-0.36754442399336895,0.18106173086157856,63.784102555288776,0.84,12
4,100,-0.36915037272570106,0.22205575135358838,64.71226018476348,0.84,13
4,118,-0.3725426691307441,0.21926801265670717,62.27922842480555,0.84,14
2,28,-0.21082225216220007,0.2882368740475545,43.040575136083014,0.86,5
2,31,-0.20926110270554055,0.28845579310017294,43.007945637467735,0.86,6
3,35,-0.5474500505946913,0.011429536656570222,24.51980463907154,0.86,7
3,39,-0.5471284715076645,0.01147117539130081,24.474986943447586,0.86,8
3,44,-0.5363312351964876,0.00553015296284561,24.020262740963116,0.86,9
4,57,-0.6646079998166368,0.16416148931359106,61.77764338627423,0.86,10
4,72,-0.47267387967888463,0.18308901951047638,71.21898950069995,0.86,11
4,76,-0.47211031929973024,0.18719474463000058,72.07144211984102,0.86,12
4,89,-0.38917788506032475,0.18229807239447668,62.25213869380557,0.86,13
4,98,-0.38712663338733844,0.21795110628100905,65.65744503816269,0.86,14
2,23,-0.21092591544120987,0.2882189960396511,43.11139209589853,0.88,5
2,24,-0.2080207195080618,0.2886383010860991,43.13206017496672,0.88,6
3,30,-0.5476267954078184,0.010367394559738532,24.553926581109177,0.88,7
3,35,-0.5471728313742453,0.01037341596637588,24.514833785871666,0.88,8
3,39,-0.5315331270480365,0.004352172399233626,24.04158821384618,0.88,9
4,49,-0.6652949071832501,0.16122185232478253,62.38694570122017,0.88,10
5,58,-0.5065677521683561,0.1696373031599838,60.339187146062976,0.88,11
4,67,-0.48464999677500104,0.1816133828444678,71.83079627623734,0.88,12
4,72,-0.38716817209068866,0.18220934383740678,68.9316050444989,0.88,13
4,87,-0.3903870799722059,0.181253840567394,62.87623045369819,0.88,14
2,22,-0.2111701536339207,0.288282228019021,43.1261252538713,0.9,5
2,24,-0.2080207195080618,0.2886383010860991,43.13206017496672,0.9,6
2,29,-0.08100759951760518,0.28847125263913764,43.00806496523721,0.9,7
3,32,-0.5475201254936652,0.009938368462709691,24.507634361608137,0.9,8
3,34,-0.5483856640211475,0.0022426686656805478,24.03605349873227,0.9,9
4,47,-0.7214878220662575,0.1585765490986785,59.788307164136924,0.9,10
5,53,-0.5079040809757318,0.16635079101580005,60.253827559318275,0.9,11
4,66,-0.48421521431119136,0.18218609545989575,73.08200267239948,0.9,12
4,67,-0.473499830489992,0.18216840478424534,73.06058735395382,0.9,13
4,80,-0.4776289681832299,0.18054487596144106,67.77184451977304,0.9,14
2,22,-0.2111701536339207,0.288282228019021,43.1261252538713,0.92,5
2,23,-0.2082109453038303,0.2887018580156505,43.14694474031765,0.92,6
2,29,-0.08100759951760518,0.28847125263913764,43.00806496523721,0.92,7
2,32,-0.05741875067049685,0.28837722017913525,42.953188563820824,0.92,8
2,33,-0.05819369378868416,0.288307018966264,42.90778135424785,0.92,9
3,46,-0.727229389917473,0.1577053915286941,45.28583717557823,0.92,10
3,48,-0.7271020428231224,0.15849326834029864,45.28214248377009,0.92,11
4,53,-0.48921086033503913,0.1789106694338572,77.41007311331107,0.92,12
4,63,-0.48417084501164936,0.18135825649208526,73.99238873944762,0.92,13
4,72,-0.4749877857923922,0.17928861862526072,71.55446256099306,0.92,14
2,21,-0.21141415870480068,0.28817259385437627,43.10643136275063,0.94,5
2,22,-0.20842368755562982,0.28859185492027273,43.12721546917642,0.94,6
2,26,-0.2076872819615584,0.2885405454905536,43.07249814382833,0.94,7
2,28,-0.0809065954046816,0.2883755023749034,42.99395968341382,0.94,8
2,31,-0.05842732637356728,0.28834728748117366,42.9220675861291,0.94,9
2,39,-0.06407214593963888,0.28877204708186743,42.7230707150471,0.94,10
2,44,-0.06280363504100095,0.2878715849471656,42.44840398659486,0.94,11
4,47,-0.5121455126942809,0.17298085865310447,73.36715312461246,0.94,12
4,54,-0.4853434974036818,0.178666563375559,73.95740058569628,0.94,13
4,63,-0.4841828444779924,0.18170918282957718,74.12614986915538,0.94,14
2,21,-0.21141415870480068,0.28817259385437627,43.10643136275063,0.96,5
2,22,-0.20842368755562982,0.28859185492027273,43.12721546917642,0.96,6
2,23,-0.20823375928490698,0.28852838547096626,43.11233977548552,0.96,7
2,26,-0.09883868695208767,0.2884126790142651,43.02678224754844,0.96,8
2,26,-0.09883868695208767,0.2884126790142651,43.02678224754844,0.96,9
2,34,-0.09707271168227699,0.288951967404016,42.84405887133147,0.96,10
2,43,-0.06308760641751662,0.28800896813501237,42.477127309812325,0.96,11
4,45,-0.5593313872862288,0.17237361117582015,73.28616966056815,0.96,12
4,50,-0.5425053654726757,0.1750943877871816,72.3987498805795,0.96,13
4,55,-0.5422969101515529,0.17643004408430027,72.51883112490687,0.96,14
2,19,-0.21189703137007226,0.28817650132554,43.13550274718279,0.98,5
2,21,-0.2086038528183114,0.2886636448514094,43.14699703941059,0.98,6
2,21,-0.2086038528183114,0.2886636448514094,43.14699703941059,0.98,7
2,23,-0.09758566462545595,0.288571578290799,43.08192855085272,0.98,8
2,25,-0.09881245474795945,0.28848264375910293,43.046552204081244,0.98,9
2,31,-0.09755173388504071,0.28871865236018907,42.8748673139221,0.98,10
2,36,-0.06552391720571,0.2887172402103326,42.79003030902012,0.98,11
2,41,-0.09704548597673832,0.2878133884197419,42.51608223035917,0.98,12
4,49,-0.5869486800164138,0.1722860436348496,70.66404712504153,0.98,13
4,52,-0.5427659117993466,0.17454329662095827,72.29144438581433,0.98,14
2,19,-0.21189703137007226,0.28817650132554,43.13550274718279,1.0,5
2,20,-0.2116572724872393,0.2882443933108683,43.12606904347541,1.0,6
2,21,-0.2086038528183114,0.2886636448514094,43.14699703941059,1.0,7
2,22,-0.09753004471102428,0.28863608914933836,43.09691127687196,1.0,8
2,24,-0.0987553422567209,0.28854559089642456,43.06148859019253,1.0,9
2,27,-0.098268045779325,0.2891224604159661,43.06998213644157,1.0,10
2,33,-0.09734789096512564,0.2885742122019083,42.82198912493686,1.0,11
2,41,-0.09704548597673832,0.2878133884197419,42.51608223035917,1.0,12
3,47,-0.3905361933940283,0.15907282927979022,48.58923143444361,1.0,13
4,51,-0.5877202399152531,0.17207339195347762,70.66339656014236,1.0,14
2,18,-0.21213817710987884,0.288104566183146,43.12230860536214,1.02,5
2,19,-0.21189874591031027,0.2881728634112082,43.11296087822062,1.02,6
2,20,-0.2088094604934599,0.2885917436954834,43.13386225439812,1.02,7
2,21,-0.0977967605992954,0.28856425479648123,43.08384130907109,1.02,8
2,22,-0.0981906997446972,0.28852998354181125,43.068194040015086,1.02,9
2,22,-0.0981906997446972,0.28852998354181125,43.068194040015086,1.02,10
2,28,-0.09693182150351863,0.2887673039861034,42.89744013031787,1.02,11
2,38,-0.0975315704976541,0.28775535130480145,42.5364726130374,1.02,12
3,44,-0.42753029447738633,0.15946079142427136,48.640993841633936,1.02,13
3,47,-0.4294382855048239,0.15859730636524755,48.508509868986685,1.02,14
2,18,-0.21213817710987884,0.288104566183146,43.12230860536214,1.04,5
2,18,-0.21213817710987884,0.288104566183146,43.12230860536214,1.04,6
2,19,-0.21189874591031027,0.2881728634112082,43.11296087822062,1.04,7
2,21,-0.0977967605992954,0.28856425479648123,43.08384130907109,1.04,8
2,22,-0.0981906997446972,0.28852998354181125,43.068194040015086,1.04,9
2,22,-0.0981906997446972,0.28852998354181125,43.068194040015086,1.04,10
2,26,-0.09747776406144508,0.288122889043322,42.87424135707933,1.04,11
2,34,-0.09819786884765333,0.28723753308705247,42.54989187260983,1.04,12
2,39,-0.09709110269942332,0.28861989582178516,42.6742874080517,1.04,13
3,41,-0.4272655536625586,0.1588717858643612,48.69286612698288,1.04,14
2,16,-0.21255949940760288,0.2880168456823176,43.14178122971656,1.06,5
2,16,-0.21255949940760288,0.2880168456823176,43.14178122971656,1.06,6
2,17,-0.21232069934597456,0.288084194731781,43.13237915244549,1.06,7
2,20,-0.09802417857744983,0.2882801981384515,43.045974720971934,1.06,8
2,21,-0.09841815798551812,0.28824516561923835,43.03025812863386,1.06,9
2,21,-0.09841815798551812,0.28824516561923835,43.03025812863386,1.06,10
2,25,-0.09770646275803711,0.2878349686967999,42.83620315235537,1.06,11
2,30,-0.09876975666776984,0.28692760470685863,42.56501014183659,1.06,12
2,33,-0.09844178343058786,0.2869462738855559,42.51206408226266,1.06,13
2,39,-0.09645252290467089,0.28814043484116597,42.57598706058804,1.06,14
2,16,-0.21255949940760288,0.2880168456823176,43.14178122971656,1.08,5
2,16,-0.21255949940760288,0.2880168456823176,43.14178122971656,1.08,6
2,17,-0.21232069934597456,0.288084194731781,43.13237915244549,1.08,7
2,20,-0.09802417857744983,0.2882801981384515,43.045974720971934,1.08,8
2,21,-0.09841815798551812,0.28824516561923835,43.03025812863386,1.08,9
2,21,-0.09841815798551812,0.28824516561923835,43.03025812863386,1.08,10
2,24,-0.09787594367315838,0.2879924444944057,42.89062560596489,1.08,11
2,24,-0.09787594367315838,0.2879924444944057,42.89062560596489,1.08,12
2,31,-0.09877166536027052,0.2868508129840528,42.53208730760654,1.08,13
2,34,-0.09807074245609763,0.28787816170961095,42.60802565560328,1.08,14
2,13,-0.3900205423254493,0.286417053103885,42.986039586657654,1.1,5
2,14,-0.21306014154647668,0.2869450567870046,43.027531128269544,1.1,6
2,16,-0.21257253644116764,0.28770997645432567,43.07885903063553,1.1,7
2,19,-0.21221724878052786,0.28786046959958916,43.0250118362908,1.1,8
2,21,-0.09841815798551812,0.28824516561923835,43.03025812863386,1.1,9
2,21,-0.09841815798551812,0.28824516561923835,43.03025812863386,1.1,10
2,24,-0.09787594367315838,0.2879924444944057,42.89062560596489,1.1,11
2,24,-0.09787594367315838,0.2879924444944057,42.89062560596489,1.1,12
2,25,-0.09764900808422745,0.287916588984414,42.85806528103261,1.1,13
2,34,-0.09807074245609763,0.28787816170961095,42.60802565560328,1.1,14
2,13,-0.3900205423254493,0.286417053103885,42.986039586657654,1.12,5
2,14,-0.21306014154647668,0.2869450567870046,43.027531128269544,1.12,6
2,16,-0.21257253644116764,0.28770997645432567,43.07885903063553,1.12,7
2,18,-0.2124696226464297,0.2874855327702975,42.97168489947139,1.12,8
2,20,-0.21197468046882484,0.28782558836685745,43.00943766013674,1.12,9
2,21,-0.09841815798551812,0.28824516561923835,43.03025812863386,1.12,10
2,24,-0.09787594367315838,0.2879924444944057,42.89062560596489,1.12,11
2,24,-0.09787594367315838,0.2879924444944057,42.89062560596489,1.12,12
2,24,-0.09787594367315838,0.2879924444944057,42.89062560596489,1.12,13
2,27,-0.09725710193395115,0.2890118919168635,42.96835668322035,1.12,14
2,10,-0.39036792270917764,0.28647487030871344,43.06373233775536,1.1400000000000001,5
2,12,-0.21336236411631235,0.28704839944479693,43.100121854445554,1.1400000000000001,6
2,12,-0.21336236411631235,0.28704839944479693,43.100121854445554,1.1400000000000001,7
2,15,-0.21271966117921734,0.2869280190672215,43.016662674442784,1.1400000000000001,8
2,16,-0.21247823799474394,0.28689236600600765,43.00113761031297,1.1400000000000001,9
2,19,-0.2122273870231468,0.2874498276163346,42.956033552525206,1.1400000000000001,10
2,24,-0.09787594367315838,0.2879924444944057,42.89062560596489,1.1400000000000001,11
2,24,-0.09787594367315838,0.2879924444944057,42.89062560596489,1.1400000000000001,12
2,24,-0.09787594367315838,0.2879924444944057,42.89062560596489,1.1400000000000001,13
2,25,-0.09760277892120202,0.2883170180180929,42.901516525579694,1.1400000000000001,14
2,10,-0.39036792270917764,0.28647487030871344,43.06373233775536,1.1600000000000001,5
2,11,-0.21360563313858447,0.28700100302232756,43.105418006166765,1.1600000000000001,6
2,12,-0.21336236411631235,0.28704839944479693,43.100121854445554,1.1600000000000001,7
2,15,-0.21271966117921734,0.2869280190672215,43.016662674442784,1.1600000000000001,8
2,16,-0.21247823799474394,0.28689236600600765,43.00113761031297,1.1600000000000001,9
2,17,-0.21222841082334284,0.28759193498567165,43.0619741607999,1.1600000000000001,10
2,22,-0.1731115108143314,0.2881291614623649,42.99685777623936,1.1600000000000001,11
2,22,-0.1731115108143314,0.2881291614623649,42.99685777623936,1.1600000000000001,12
2,22,-0.1731115108143314,0.2881291614623649,42.99685777623936,1.1600000000000001,13
2,22,-0.1731115108143314,0.2881291614623649,42.99685777623936,1.1600000000000001,14
2,8,-0.39073890945787026,0.28592803672057304,42.99711049069905,1.1800000000000002,5
2,10,-0.2138567204227366,0.2865489377789391,43.03378464351371,1.1800000000000002,6
2,11,-0.21361377977661852,0.2865949850613196,43.02829712305954,1.1800000000000002,7
2,12,-0.213376547332359,0.28665856395697475,43.018691841569066,1.1800000000000002,8
2,14,-0.2129667307546004,0.28642558534682083,42.946046145734975,1.1800000000000002,9
2,15,-0.21271756463151392,0.2871236552728811,43.006686168552896,1.1800000000000002,10
2,19,-0.1737977674981993,0.28727707917495676,42.887617243471325,1.1800000000000002,11
2,19,-0.1737977674981993,0.28727707917495676,42.887617243471325,1.1800000000000002,12
2,19,-0.1737977674981993,0.28727707917495676,42.887617243471325,1.1800000000000002,13
2,20,-0.1735498289865567,0.2876520464029176,42.940702243922836,1.1800000000000002,14
2,8,-0.39073890945787026,0.28592803672057304,42.99711049069905,1.2000000000000002,5
2,10,-0.2138567204227366,0.2865489377789391,43.03378464351371,1.2000000000000002,6
2,11,-0.21361377977661852,0.2865949850613196,43.02829712305954,1.2000000000000002,7
2,12,-0.213376547332359,0.28665856395697475,43.018691841569066,1.2000000000000002,8
2,13,-0.2132075000392812,0.2864627589173046,42.96167873566747,1.2000000000000002,9
2,14,-0.2129667307546004,0.28642558534682083,42.946046145734975,1.2000000000000002,10
2,15,-0.17403464677811917,0.2868397402362433,42.96664125171726,1.2000000000000002,11
2,18,-0.1740463507127234,0.2865774751565038,42.82719480606627,1.2000000000000002,12
2,18,-0.1740463507127234,0.2865774751565038,42.82719480606627,1.2000000000000002,13
2,19,-0.17379875139040754,0.28695149506774564,42.880110716530176,1.2000000000000002,14
2,8,-0.39073890945787026,0.28592803672057304,42.99711049069905,1.2200000000000002,5
2,9,-0.21409672155009393,0.28645267032680366,43.038645864914045,1.2200000000000002,6
2,10,-0.2138567204227366,0.2865489377789391,43.03378464351371,1.2200000000000002,7
2,12,-0.213376547332359,0.28665856395697475,43.018691841569066,1.2200000000000002,8
2,13,-0.2132075000392812,0.2864627589173046,42.96167873566747,1.2200000000000002,9
2,13,-0.2132075000392812,0.2864627589173046,42.96167873566747,1.2200000000000002,10
2,14,-0.1742367488176029,0.2868770714841045,42.9824147236485,1.2200000000000002,11
2,18,-0.1740463507127234,0.2865774751565038,42.82719480606627,1.2200000000000002,12
2,18,-0.1740463507127234,0.2865774751565038,42.82719480606627,1.2200000000000002,13
2,18,-0.1740463507127234,0.2865774751565038,42.82719480606627,1.2200000000000002,14
2,8,-0.39073890945787026,0.28592803672057304,42.99711049069905,1.2400000000000002,5
2,9,-0.21409672155009393,0.28645267032680366,43.038645864914045,1.2400000000000002,6
2,10,-0.2138567204227366,0.2865489377789391,43.03378464351371,1.2400000000000002,7
2,12,-0.213376547332359,0.28665856395697475,43.018691841569066,1.2400000000000002,8
2,12,-0.213376547332359,0.28665856395697475,43.018691841569066,1.2400000000000002,9
2,12,-0.213376547332359,0.28665856395697475,43.018691841569066,1.2400000000000002,10
2,12,-0.213376547332359,0.28665856395697475,43.018691841569066,1.2400000000000002,11
2,18,-0.1740463507127234,0.2865774751565038,42.82719480606627,1.2400000000000002,12
2,18,-0.1740463507127234,0.2865774751565038,42.82719480606627,1.2400000000000002,13
2,18,-0.1740463507127234,0.2865774751565038,42.82719480606627,1.2400000000000002,14
2,8,-0.39073890945787026,0.28592803672057304,42.99711049069905,1.26,5
2,8,-0.39073890945787026,0.28592803672057304,42.99711049069905,1.26,6
2,10,-0.2138567204227366,0.2865489377789391,43.03378464351371,1.26,7
2,12,-0.213376547332359,0.28665856395697475,43.018691841569066,1.26,8
2,12,-0.213376547332359,0.28665856395697475,43.018691841569066,1.26,9
2,12,-0.213376547332359,0.28665856395697475,43.018691841569066,1.26,10
2,12,-0.213376547332359,0.28665856395697475,43.018691841569066,1.26,11
2,16,-0.21247375417359673,0.2863564972392734,42.86395808251318,1.26,12
2,17,-0.21230353913748942,0.2861613600355981,42.806875834492764,1.26,13
2,17,-0.21230353913748942,0.2861613600355981,42.806875834492764,1.26,14
2,8,-0.39073890945787026,0.28592803672057304,42.99711049069905,1.28,5
2,8,-0.39073890945787026,0.28592803672057304,42.99711049069905,1.28,6
2,10,-0.2138567204227366,0.2865489377789391,43.03378464351371,1.28,7
2,12,-0.213376547332359,0.28665856395697475,43.018691841569066,1.28,8
2,12,-0.213376547332359,0.28665856395697475,43.018691841569066,1.28,9
2,12,-0.213376547332359,0.28665856395697475,43.018691841569066,1.28,10
2,12,-0.213376547332359,0.28665856395697475,43.018691841569066,1.28,11
2,16,-0.21247375417359673,0.2863564972392734,42.86395808251318,1.28,12
2,17,-0.21230353913748942,0.2861613600355981,42.806875834492764,1.28,13
2,17,-0.21230353913748942,0.2861613600355981,42.806875834492764,1.28,14
2,8,-0.39073890945787026,0.28592803672057304,42.99711049069905,1.3,5
2,8,-0.39073890945787026,0.28592803672057304,42.99711049069905,1.3,6
2,8,-0.39073890945787026,0.28592803672057304,42.99711049069905,1.3,7
2,9,-0.3905607632940453,0.28602388667908074,42.992318046581666,1.3,8
2,9,-0.3905607632940453,0.28602388667908074,42.992318046581666,1.3,9
2,11,-0.21361377977661852,0.2865949850613196,43.02829712305954,1.3,10
2,11,-0.21361377977661852,0.2865949850613196,43.02829712305954,1.3,11
2,11,-0.21361377977661852,0.2865949850613196,43.02829712305954,1.3,12
2,15,-0.21278374569725003,0.2861337259881045,42.832213337814586,1.3,13
2,15,-0.21278374569725003,0.2861337259881045,42.832213337814586,1.3,14
2,8,-0.39073890945787026,0.28592803672057304,42.99711049069905,1.32,5
2,8,-0.39073890945787026,0.28592803672057304,42.99711049069905,1.32,6
2,8,-0.39073890945787026,0.28592803672057304,42.99711049069905,1.32,7
2,9,-0.3905607632940453,0.28602388667908074,42.992318046581666,1.32,8
2,9,-0.3905607632940453,0.28602388667908074,42.992318046581666,1.32,9
2,11,-0.21361377977661852,0.2865949850613196,43.02829712305954,1.32,10
2,11,-0.21361377977661852,0.2865949850613196,43.02829712305954,1.32,11
2,11,-0.21361377977661852,0.2865949850613196,43.02829712305954,1.32,12
2,15,-0.21278374569725003,0.2861337259881045,42.832213337814586,1.32,13
2,15,-0.21278374569725003,0.2861337259881045,42.832213337814586,1.32,14
2,8,-0.39073890945787026,0.28592803672057304,42.99711049069905,1.34,5
2,8,-0.39073890945787026,0.28592803672057304,42.99711049069905,1.34,6
2,8,-0.39073890945787026,0.28592803672057304,42.99711049069905,1.34,7
2,9,-0.3905607632940453,0.28602388667908074,42.992318046581666,1.34,8
2,9,-0.3905607632940453,0.28602388667908074,42.992318046581666,1.34,9
2,10,-0.39037859890429866,0.286069744243454,42.986942957892666,1.34,10
2,11,-0.21361377977661852,0.2865949850613196,43.02829712305954,1.34,11
2,11,-0.21361377977661852,0.2865949850613196,43.02829712305954,1.34,12
2,15,-0.21278374569725003,0.2861337259881045,42.832213337814586,1.34,13
2,15,-0.21278374569725003,0.2861337259881045,42.832213337814586,1.34,14
2,8,-0.39073890945787026,0.28592803672057304,42.99711049069905,1.36,5
2,8,-0.39073890945787026,0.28592803672057304,42.99711049069905,1.36,6
2,8,-0.39073890945787026,0.28592803672057304,42.99711049069905,1.36,7
2,8,-0.39073890945787026,0.28592803672057304,42.99711049069905,1.36,8
2,8,-0.39073890945787026,0.28592803672057304,42.99711049069905,1.36,9
2,9,-0.3905607632940453,0.28602388667908074,42.992318046581666,1.36,10
2,11,-0.21361377977661852,0.2865949850613196,43.02829712305954,1.36,11
2,11,-0.21361377977661852,0.2865949850613196,43.02829712305954,1.36,12
2,12,-0.21344502942044483,0.28639907089252975,42.971312113388045,1.36,13
2,15,-0.21278374569725003,0.2861337259881045,42.832213337814586,1.36,14
2,8,-0.39073890945787026,0.28592803672057304,42.99711049069905,1.3800000000000001,5
2,8,-0.39073890945787026,0.28592803672057304,42.99711049069905,1.3800000000000001,6
2,8,-0.39073890945787026,0.28592803672057304,42.99711049069905,1.3800000000000001,7
2,8,-0.39073890945787026,0.28592803672057304,42.99711049069905,1.3800000000000001,8
2,8,-0.39073890945787026,0.28592803672057304,42.99711049069905,1.3800000000000001,9
2,9,-0.3905607632940453,0.28602388667908074,42.992318046581666,1.3800000000000001,10
2,10,-0.2138567204227366,0.2865489377789391,43.03378464351371,1.3800000000000001,11
2,11,-0.21361377977661852,0.2865949850613196,43.02829712305954,1.3800000000000001,12
2,11,-0.21361377977661852,0.2865949850613196,43.02829712305954,1.3800000000000001,13
2,14,-0.21295336036383355,0.2863287997873324,42.889232936597345,1.3800000000000001,14
2,7,-0.39092776352970393,0.28502557562548425,42.93027323041552,1.4000000000000001,5
2,8,-0.39073890945787026,0.28592803672057304,42.99711049069905,1.4000000000000001,6
2,8,-0.39073890945787026,0.28592803672057304,42.99711049069905,1.4000000000000001,7
2,8,-0.39073890945787026,0.28592803672057304,42.99711049069905,1.4000000000000001,8
2,8,-0.39073890945787026,0.28592803672057304,42.99711049069905,1.4000000000000001,9
2,8,-0.39073890945787026,0.28592803672057304,42.99711049069905,1.4000000000000001,10
2,9,-0.3905607632940453,0.28602388667908074,42.992318046581666,1.4000000000000001,11
2,10,-0.39037859890429866,0.286069744243454,42.986942957892666,1.4000000000000001,12
2,10,-0.39037859890429866,0.286069744243454,42.986942957892666,1.4000000000000001,13
2,13,-0.38992255460225733,0.28580118990009407,42.84817808300444,1.4000000000000001,14
2,7,-0.39092776352970393,0.28502557562548425,42.93027323041552,1.4200000000000002,5
2,8,-0.39073890945787026,0.28592803672057304,42.99711049069905,1.4200000000000002,6
2,8,-0.39073890945787026,0.28592803672057304,42.99711049069905,1.4200000000000002,7
2,8,-0.39073890945787026,0.28592803672057304,42.99711049069905,1.4200000000000002,8
2,8,-0.39073890945787026,0.28592803672057304,42.99711049069905,1.4200000000000002,9
2,8,-0.39073890945787026,0.28592803672057304,42.99711049069905,1.4200000000000002,10
2,8,-0.39073890945787026,0.28592803672057304,42.99711049069905,1.4200000000000002,11
2,10,-0.39037859890429866,0.286069744243454,42.986942957892666,1.4200000000000002,12
2,10,-0.39037859890429866,0.286069744243454,42.986942957892666,1.4200000000000002,13
2,10,-0.39037859890429866,0.286069744243454,42.986942957892666,1.4200000000000002,14
2,7,-0.39092776352970393,0.28502557562548425,42.93027323041552,1.4400000000000002,5
2,8,-0.39073890945787026,0.28592803672057304,42.99711049069905,1.4400000000000002,6
2,8,-0.39073890945787026,0.28592803672057304,42.99711049069905,1.4400000000000002,7
2,8,-0.39073890945787026,0.28592803672057304,42.99711049069905,1.4400000000000002,8
2,8,-0.39073890945787026,0.28592803672057304,42.99711049069905,1.4400000000000002,9
2,8,-0.39073890945787026,0.28592803672057304,42.99711049069905,1.4400000000000002,10
2,8,-0.39073890945787026,0.28592803672057304,42.99711049069905,1.4400000000000002,11
2,10,-0.39037859890429866,0.286069744243454,42.986942957892666,1.4400000000000002,12
2,10,-0.39037859890429866,0.286069744243454,42.986942957892666,1.4400000000000002,13
2,10,-0.39037859890429866,0.286069744243454,42.986942957892666,1.4400000000000002,14
2,7,-0.39092776352970393,0.28502557562548425,42.93027323041552,1.4600000000000002,5
2,8,-0.39073890945787026,0.28592803672057304,42.99711049069905,1.4600000000000002,6
2,8,-0.39073890945787026,0.28592803672057304,42.99711049069905,1.4600000000000002,7
2,8,-0.39073890945787026,0.28592803672057304,42.99711049069905,1.4600000000000002,8
2,8,-0.39073890945787026,0.28592803672057304,42.99711049069905,1.4600000000000002,9
2,8,-0.39073890945787026,0.28592803672057304,42.99711049069905,1.4600000000000002,10
2,8,-0.39073890945787026,0.28592803672057304,42.99711049069905,1.4600000000000002,11
2,9,-0.39055699738265814,0.2859727395268723,42.99166776469852,1.4600000000000002,12
2,10,-0.39037859890429866,0.286069744243454,42.986942957892666,1.4600000000000002,13
2,10,-0.39037859890429866,0.286069744243454,42.986942957892666,1.4600000000000002,14
2,6,-0.39109488756629235,0.2850911538660184,42.960990625747144,1.4800000000000002,5
2,7,-0.39090628372343,0.2859930214068398,43.02787277310561,1.4800000000000002,6
2,7,-0.39090628372343,0.2859930214068398,43.02787277310561,1.4800000000000002,7
2,7,-0.39090628372343,0.2859930214068398,43.02787277310561,1.4800000000000002,8
2,7,-0.39090628372343,0.2859930214068398,43.02787277310561,1.4800000000000002,9
2,7,-0.39090628372343,0.2859930214068398,43.02787277310561,1.4800000000000002,10
2,7,-0.39090628372343,0.2859930214068398,43.02787277310561,1.4800000000000002,11
2,8,-0.3907246193273701,0.2860369345034715,43.0223907739141,1.4800000000000002,12
2,9,-0.390546467466091,0.2861330171113881,43.01762371298961,1.4800000000000002,13
2,9,-0.390546467466091,0.2861330171113881,43.01762371298961,1.4800000000000002,14
2,5,-0.3912843124653842,0.2841884200086461,42.89456404976576,1.5000000000000002,5
2,5,-0.3912843124653842,0.2841884200086461,42.89456404976576,1.5000000000000002,6
2,7,-0.39090628372343,0.2859930214068398,43.02787277310561,1.5000000000000002,7
2,7,-0.39090628372343,0.2859930214068398,43.02787277310561,1.5000000000000002,8
2,7,-0.39090628372343,0.2859930214068398,43.02787277310561,1.5000000000000002,9
2,7,-0.39090628372343,0.2859930214068398,43.02787277310561,1.5000000000000002,10
2,7,-0.39090628372343,0.2859930214068398,43.02787277310561,1.5000000000000002,11
2,8,-0.3907246193273701,0.2860369345034715,43.0223907739141,1.5000000000000002,12
2,9,-0.390546467466091,0.2861330171113881,43.01762371298961,1.5000000000000002,13
2,9,-0.390546467466091,0.2861330171113881,43.01762371298961,1.5000000000000002,14
2,5,-0.5572558680809265,0.27774399575580444,44.02294253919383,1.52,5
2,5,-0.5572558680809265,0.27774399575580444,44.02294253919383,1.52,6
2,6,-0.557101573489414,0.2786492654435021,44.09213319867844,1.52,7
2,6,-0.557101573489414,0.2786492654435021,44.09213319867844,1.52,8
2,6,-0.557101573489414,0.2786492654435021,44.09213319867844,1.52,9
2,6,-0.557101573489414,0.2786492654435021,44.09213319867844,1.52,10
2,6,-0.557101573489414,0.2786492654435021,44.09213319867844,1.52,11
2,6,-0.557101573489414,0.2786492654435021,44.09213319867844,1.52,12
2,6,-0.557101573489414,0.2786492654435021,44.09213319867844,1.52,13
2,8,-0.5571002412018197,0.2787852935515921,44.08123364987885,1.52,14
2,5,-0.5537473205315632,0.2719428068319837,45.17449711029288,1.54,5
2,5,-0.5537473205315632,0.2719428068319837,45.17449711029288,1.54,6
2,5,-0.5537473205315632,0.2719428068319837,45.17449711029288,1.54,7
2,5,-0.5537473205315632,0.2719428068319837,45.17449711029288,1.54,8
2,5,-0.5537473205315632,0.2719428068319837,45.17449711029288,1.54,9
2,5,-0.5537473205315632,0.2719428068319837,45.17449711029288,1.54,10
2,5,-0.5537473205315632,0.2719428068319837,45.17449711029288,1.54,11
2,5,-0.5537473205315632,0.2719428068319837,45.17449711029288,1.54,12
2,5,-0.5537473205315632,0.2719428068319837,45.17449711029288,1.54,13
2,5,-0.5537473205315632,0.2719428068319837,45.17449711029288,1.54,14
1,0,-1.0,-1.0,-1.0,1.56,5
2,5,-0.5537473205315632,0.2719428068319837,45.17449711029288,1.56,6
2,5,-0.5537473205315632,0.2719428068319837,45.17449711029288,1.56,7
2,5,-0.5537473205315632,0.2719428068319837,45.17449711029288,1.56,8
2,5,-0.5537473205315632,0.2719428068319837,45.17449711029288,1.56,9
2,5,-0.5537473205315632,0.2719428068319837,45.17449711029288,1.56,10
2,5,-0.5537473205315632,0.2719428068319837,45.17449711029288,1.56,11
2,5,-0.5537473205315632,0.2719428068319837,45.17449711029288,1.56,12
2,5,-0.5537473205315632,0.2719428068319837,45.17449711029288,1.56,13
2,5,-0.5537473205315632,0.2719428068319837,45.17449711029288,1.56,14
1,0,-1.0,-1.0,-1.0,1.58,5
2,5,-0.5537473205315632,0.2719428068319837,45.17449711029288,1.58,6
2,5,-0.5537473205315632,0.2719428068319837,45.17449711029288,1.58,7
2,5,-0.5537473205315632,0.2719428068319837,45.17449711029288,1.58,8
2,5,-0.5537473205315632,0.2719428068319837,45.17449711029288,1.58,9
2,5,-0.5537473205315632,0.2719428068319837,45.17449711029288,1.58,10
2,5,-0.5537473205315632,0.2719428068319837,45.17449711029288,1.58,11
2,5,-0.5537473205315632,0.2719428068319837,45.17449711029288,1.58,12
2,5,-0.5537473205315632,0.2719428068319837,45.17449711029288,1.58,13
2,5,-0.5537473205315632,0.2719428068319837,45.17449711029288,1.58,14
1,0,-1.0,-1.0,-1.0,1.6,5
2,5,-0.5537473205315632,0.2719428068319837,45.17449711029288,1.6,6
2,5,-0.5537473205315632,0.2719428068319837,45.17449711029288,1.6,7
2,5,-0.5537473205315632,0.2719428068319837,45.17449711029288,1.6,8
2,5,-0.5537473205315632,0.2719428068319837,45.17449711029288,1.6,9
2,5,-0.5537473205315632,0.2719428068319837,45.17449711029288,1.6,10
2,5,-0.5537473205315632,0.2719428068319837,45.17449711029288,1.6,11
2,5,-0.5537473205315632,0.2719428068319837,45.17449711029288,1.6,12
2,5,-0.5537473205315632,0.2719428068319837,45.17449711029288,1.6,13
2,5,-0.5537473205315632,0.2719428068319837,45.17449711029288,1.6,14
1,0,-1.0,-1.0,-1.0,1.62,5
1,0,-1.0,-1.0,-1.0,1.62,6
2,5,-0.5537473205315632,0.2719428068319837,45.17449711029288,1.62,7
2,5,-0.5537473205315632,0.2719428068319837,45.17449711029288,1.62,8
2,5,-0.5537473205315632,0.2719428068319837,45.17449711029288,1.62,9
2,5,-0.5537473205315632,0.2719428068319837,45.17449711029288,1.62,10
2,5,-0.5537473205315632,0.2719428068319837,45.17449711029288,1.62,11
2,5,-0.5537473205315632,0.2719428068319837,45.17449711029288,1.62,12
2,5,-0.5537473205315632,0.2719428068319837,45.17449711029288,1.62,13
2,5,-0.5537473205315632,0.2719428068319837,45.17449711029288,1.62,14
1,0,-1.0,-1.0,-1.0,1.6400000000000001,5
1,0,-1.0,-1.0,-1.0,1.6400000000000001,6
1,0,-1.0,-1.0,-1.0,1.6400000000000001,7
1,0,-1.0,-1.0,-1.0,1.6400000000000001,8
1,0,-1.0,-1.0,-1.0,1.6400000000000001,9
2,5,-0.5537473205315632,0.2719428068319837,45.17449711029288,1.6400000000000001,10
2,5,-0.5537473205315632,0.2719428068319837,45.17449711029288,1.6400000000000001,11
2,5,-0.5537473205315632,0.2719428068319837,45.17449711029288,1.6400000000000001,12
2,5,-0.5537473205315632,0.2719428068319837,45.17449711029288,1.6400000000000001,13
2,5,-0.5537473205315632,0.2719428068319837,45.17449711029288,1.6400000000000001,14
1,0,-1.0,-1.0,-1.0,1.6600000000000001,5
1,0,-1.0,-1.0,-1.0,1.6600000000000001,6
1,0,-1.0,-1.0,-1.0,1.6600000000000001,7
1,0,-1.0,-1.0,-1.0,1.6600000000000001,8
1,0,-1.0,-1.0,-1.0,1.6600000000000001,9
1,0,-1.0,-1.0,-1.0,1.6600000000000001,10
2,5,-0.5537473205315632,0.2719428068319837,45.17449711029288,1.6600000000000001,11
2,5,-0.5537473205315632,0.2719428068319837,45.17449711029288,1.6600000000000001,12
2,5,-0.5537473205315632,0.2719428068319837,45.17449711029288,1.6600000000000001,13
2,5,-0.5537473205315632,0.2719428068319837,45.17449711029288,1.6600000000000001,14
1,0,-1.0,-1.0,-1.0,1.6800000000000002,5
1,0,-1.0,-1.0,-1.0,1.6800000000000002,6
1,0,-1.0,-1.0,-1.0,1.6800000000000002,7
1,0,-1.0,-1.0,-1.0,1.6800000000000002,8
1,0,-1.0,-1.0,-1.0,1.6800000000000002,9
1,0,-1.0,-1.0,-1.0,1.6800000000000002,10
2,5,-0.5537473205315632,0.2719428068319837,45.17449711029288,1.6800000000000002,11
2,5,-0.5537473205315632,0.2719428068319837,45.17449711029288,1.6800000000000002,12
2,5,-0.5537473205315632,0.2719428068319837,45.17449711029288,1.6800000000000002,13
2,5,-0.5537473205315632,0.2719428068319837,45.17449711029288,1.6800000000000002,14
1,0,-1.0,-1.0,-1.0,1.7000000000000002,5
1,0,-1.0,-1.0,-1.0,1.7000000000000002,6
1,0,-1.0,-1.0,-1.0,1.7000000000000002,7
1,0,-1.0,-1.0,-1.0,1.7000000000000002,8
1,0,-1.0,-1.0,-1.0,1.7000000000000002,9
1,0,-1.0,-1.0,-1.0,1.7000000000000002,10
2,5,-0.5537473205315632,0.2719428068319837,45.17449711029288,1.7000000000000002,11
2,5,-0.5537473205315632,0.2719428068319837,45.17449711029288,1.7000000000000002,12
2,5,-0.5537473205315632,0.2719428068319837,45.17449711029288,1.7000000000000002,13
2,5,-0.5537473205315632,0.2719428068319837,45.17449711029288,1.7000000000000002,14
1,0,-1.0,-1.0,-1.0,1.7200000000000002,5
1,0,-1.0,-1.0,-1.0,1.7200000000000002,6
1,0,-1.0,-1.0,-1.0,1.7200000000000002,7
1,0,-1.0,-1.0,-1.0,1.7200000000000002,8
1,0,-1.0,-1.0,-1.0,1.7200000000000002,9
1,0,-1.0,-1.0,-1.0,1.7200000000000002,10
2,5,-0.5537473205315632,0.2719428068319837,45.17449711029288,1.7200000000000002,11
2,5,-0.5537473205315632,0.2719428068319837,45.17449711029288,1.7200000000000002,12
2,5,-0.5537473205315632,0.2719428068319837,45.17449711029288,1.7200000000000002,13
2,5,-0.5537473205315632,0.2719428068319837,45.17449711029288,1.7200000000000002,14
1,0,-1.0,-1.0,-1.0,1.7400000000000002,5
1,0,-1.0,-1.0,-1.0,1.7400000000000002,6
1,0,-1.0,-1.0,-1.0,1.7400000000000002,7
1,0,-1.0,-1.0,-1.0,1.7400000000000002,8
1,0,-1.0,-1.0,-1.0,1.7400000000000002,9
1,0,-1.0,-1.0,-1.0,1.7400000000000002,10
2,5,-0.5537473205315632,0.2719428068319837,45.17449711029288,1.7400000000000002,11
2,5,-0.5537473205315632,0.2719428068319837,45.17449711029288,1.7400000000000002,12
2,5,-0.5537473205315632,0.2719428068319837,45.17449711029288,1.7400000000000002,13
2,5,-0.5537473205315632,0.2719428068319837,45.17449711029288,1.7400000000000002,14
1,0,-1.0,-1.0,-1.0,1.7600000000000002,5
1,0,-1.0,-1.0,-1.0,1.7600000000000002,6
1,0,-1.0,-1.0,-1.0,1.7600000000000002,7
1,0,-1.0,-1.0,-1.0,1.7600000000000002,8
1,0,-1.0,-1.0,-1.0,1.7600000000000002,9
1,0,-1.0,-1.0,-1.0,1.7600000000000002,10
2,5,-0.5537473205315632,0.2719428068319837,45.17449711029288,1.7600000000000002,11
2,5,-0.5537473205315632,0.2719428068319837,45.17449711029288,1.7600000000000002,12
2,5,-0.5537473205315632,0.2719428068319837,45.17449711029288,1.7600000000000002,13
2,5,-0.5537473205315632,0.2719428068319837,45.17449711029288,1.7600000000000002,14
1,0,-1.0,-1.0,-1.0,1.78,5
1,0,-1.0,-1.0,-1.0,1.78,6
1,0,-1.0,-1.0,-1.0,1.78,7
1,0,-1.0,-1.0,-1.0,1.78,8
1,0,-1.0,-1.0,-1.0,1.78,9
1,0,-1.0,-1.0,-1.0,1.78,10
1,0,-1.0,-1.0,-1.0,1.78,11
1,0,-1.0,-1.0,-1.0,1.78,12
2,5,-0.5537473205315632,0.2719428068319837,45.17449711029288,1.78,13
2,5,-0.5537473205315632,0.2719428068319837,45.17449711029288,1.78,14
1,0,-1.0,-1.0,-1.0,1.8,5
1,0,-1.0,-1.0,-1.0,1.8,6
1,0,-1.0,-1.0,-1.0,1.8,7
1,0,-1.0,-1.0,-1.0,1.8,8
1,0,-1.0,-1.0,-1.0,1.8,9
1,0,-1.0,-1.0,-1.0,1.8,10
1,0,-1.0,-1.0,-1.0,1.8,11
1,0,-1.0,-1.0,-1.0,1.8,12
1,0,-1.0,-1.0,-1.0,1.8,13
2,5,-0.5537473205315632,0.2719428068319837,45.17449711029288,1.8,14
1,0,-1.0,-1.0,-1.0,1.82,5
1,0,-1.0,-1.0,-1.0,1.82,6
1,0,-1.0,-1.0,-1.0,1.82,7
1,0,-1.0,-1.0,-1.0,1.82,8
1,0,-1.0,-1.0,-1.0,1.82,9
1,0,-1.0,-1.0,-1.0,1.82,10
1,0,-1.0,-1.0,-1.0,1.82,11
1,0,-1.0,-1.0,-1.0,1.82,12
1,0,-1.0,-1.0,-1.0,1.82,13
2,5,-0.5537473205315632,0.2719428068319837,45.17449711029288,1.82,14
1,0,-1.0,-1.0,-1.0,1.84,5
1,0,-1.0,-1.0,-1.0,1.84,6
1,0,-1.0,-1.0,-1.0,1.84,7
1,0,-1.0,-1.0,-1.0,1.84,8
1,0,-1.0,-1.0,-1.0,1.84,9
1,0,-1.0,-1.0,-1.0,1.84,10
1,0,-1.0,-1.0,-1.0,1.84,11
1,0,-1.0,-1.0,-1.0,1.84,12
1,0,-1.0,-1.0,-1.0,1.84,13
1,0,-1.0,-1.0,-1.0,1.84,14
1,0,-1.0,-1.0,-1.0,1.86,5
1,0,-1.0,-1.0,-1.0,1.86,6
1,0,-1.0,-1.0,-1.0,1.86,7
1,0,-1.0,-1.0,-1.0,1.86,8
1,0,-1.0,-1.0,-1.0,1.86,9
1,0,-1.0,-1.0,-1.0,1.86,10
1,0,-1.0,-1.0,-1.0,1.86,11
1,0,-1.0,-1.0,-1.0,1.86,12
1,0,-1.0,-1.0,-1.0,1.86,13
1,0,-1.0,-1.0,-1.0,1.86,14
1,0,-1.0,-1.0,-1.0,1.8800000000000001,5
1,0,-1.0,-1.0,-1.0,1.8800000000000001,6
1,0,-1.0,-1.0,-1.0,1.8800000000000001,7
1,0,-1.0,-1.0,-1.0,1.8800000000000001,8
1,0,-1.0,-1.0,-1.0,1.8800000000000001,9
1,0,-1.0,-1.0,-1.0,1.8800000000000001,10
1,0,-1.0,-1.0,-1.0,1.8800000000000001,11
1,0,-1.0,-1.0,-1.0,1.8800000000000001,12
1,0,-1.0,-1.0,-1.0,1.8800000000000001,13
1,0,-1.0,-1.0,-1.0,1.8800000000000001,14
1,0,-1.0,-1.0,-1.0,1.9000000000000001,5
1,0,-1.0,-1.0,-1.0,1.9000000000000001,6
1,0,-1.0,-1.0,-1.0,1.9000000000000001,7
1,0,-1.0,-1.0,-1.0,1.9000000000000001,8
1,0,-1.0,-1.0,-1.0,1.9000000000000001,9
1,0,-1.0,-1.0,-1.0,1.9000000000000001,10
1,0,-1.0,-1.0,-1.0,1.9000000000000001,11
1,0,-1.0,-1.0,-1.0,1.9000000000000001,12
1,0,-1.0,-1.0,-1.0,1.9000000000000001,13
1,0,-1.0,-1.0,-1.0,1.9000000000000001,14
1,0,-1.0,-1.0,-1.0,1.9200000000000002,5
1,0,-1.0,-1.0,-1.0,1.9200000000000002,6
1,0,-1.0,-1.0,-1.0,1.9200000000000002,7
1,0,-1.0,-1.0,-1.0,1.9200000000000002,8
1,0,-1.0,-1.0,-1.0,1.9200000000000002,9
1,0,-1.0,-1.0,-1.0,1.9200000000000002,10
1,0,-1.0,-1.0,-1.0,1.9200000000000002,11
1,0,-1.0,-1.0,-1.0,1.9200000000000002,12
1,0,-1.0,-1.0,-1.0,1.9200000000000002,13
1,0,-1.0,-1.0,-1.0,1.9200000000000002,14
1,0,-1.0,-1.0,-1.0,1.9400000000000002,5
1,0,-1.0,-1.0,-1.0,1.9400000000000002,6
1,0,-1.0,-1.0,-1.0,1.9400000000000002,7
1,0,-1.0,-1.0,-1.0,1.9400000000000002,8
1,0,-1.0,-1.0,-1.0,1.9400000000000002,9
1,0,-1.0,-1.0,-1.0,1.9400000000000002,10
1,0,-1.0,-1.0,-1.0,1.9400000000000002,11
1,0,-1.0,-1.0,-1.0,1.9400000000000002,12
1,0,-1.0,-1.0,-1.0,1.9400000000000002,13
1,0,-1.0,-1.0,-1.0,1.9400000000000002,14
1,0,-1.0,-1.0,-1.0,1.9600000000000002,5
1,0,-1.0,-1.0,-1.0,1.9600000000000002,6
1,0,-1.0,-1.0,-1.0,1.9600000000000002,7
1,0,-1.0,-1.0,-1.0,1.9600000000000002,8
1,0,-1.0,-1.0,-1.0,1.9600000000000002,9
1,0,-1.0,-1.0,-1.0,1.9600000000000002,10
1,0,-1.0,-1.0,-1.0,1.9600000000000002,11
1,0,-1.0,-1.0,-1.0,1.9600000000000002,12
1,0,-1.0,-1.0,-1.0,1.9600000000000002,13
1,0,-1.0,-1.0,-1.0,1.9600000000000002,14
1,0,-1.0,-1.0,-1.0,1.9800000000000002,5
1,0,-1.0,-1.0,-1.0,1.9800000000000002,6
1,0,-1.0,-1.0,-1.0,1.9800000000000002,7
1,0,-1.0,-1.0,-1.0,1.9800000000000002,8
1,0,-1.0,-1.0,-1.0,1.9800000000000002,9
1,0,-1.0,-1.0,-1.0,1.9800000000000002,10
1,0,-1.0,-1.0,-1.0,1.9800000000000002,11
1,0,-1.0,-1.0,-1.0,1.9800000000000002,12
1,0,-1.0,-1.0,-1.0,1.9800000000000002,13
1,0,-1.0,-1.0,-1.0,1.9800000000000002,14
1,0,-1.0,-1.0,-1.0,2.0,5
1,0,-1.0,-1.0,-1.0,2.0,6
1,0,-1.0,-1.0,-1.0,2.0,7
1,0,-1.0,-1.0,-1.0,2.0,8
1,0,-1.0,-1.0,-1.0,2.0,9
1,0,-1.0,-1.0,-1.0,2.0,10
1,0,-1.0,-1.0,-1.0,2.0,11
1,0,-1.0,-1.0,-1.0,2.0,12
1,0,-1.0,-1.0,-1.0,2.0,13
1,0,-1.0,-1.0,-1.0,2.0,14
1,0,-1.0,-1.0,-1.0,2.02,5
1,0,-1.0,-1.0,-1.0,2.02,6
1,0,-1.0,-1.0,-1.0,2.02,7
1,0,-1.0,-1.0,-1.0,2.02,8
1,0,-1.0,-1.0,-1.0,2.02,9
1,0,-1.0,-1.0,-1.0,2.02,10
1,0,-1.0,-1.0,-1.0,2.02,11
1,0,-1.0,-1.0,-1.0,2.02,12
1,0,-1.0,-1.0,-1.0,2.02,13
1,0,-1.0,-1.0,-1.0,2.02,14
1,0,-1.0,-1.0,-1.0,2.04,5
1,0,-1.0,-1.0,-1.0,2.04,6
1,0,-1.0,-1.0,-1.0,2.04,7
1,0,-1.0,-1.0,-1.0,2.04,8
1,0,-1.0,-1.0,-1.0,2.04,9
1,0,-1.0,-1.0,-1.0,2.04,10
1,0,-1.0,-1.0,-1.0,2.04,11
1,0,-1.0,-1.0,-1.0,2.04,12
1,0,-1.0,-1.0,-1.0,2.04,13
1,0,-1.0,-1.0,-1.0,2.04,14
1,0,-1.0,-1.0,-1.0,2.06,5
1,0,-1.0,-1.0,-1.0,2.06,6
1,0,-1.0,-1.0,-1.0,2.06,7
1,0,-1.0,-1.0,-1.0,2.06,8
1,0,-1.0,-1.0,-1.0,2.06,9
1,0,-1.0,-1.0,-1.0,2.06,10
1,0,-1.0,-1.0,-1.0,2.06,11
1,0,-1.0,-1.0,-1.0,2.06,12
1,0,-1.0,-1.0,-1.0,2.06,13
1,0,-1.0,-1.0,-1.0,2.06,14
1,0,-1.0,-1.0,-1.0,2.08,5
1,0,-1.0,-1.0,-1.0,2.08,6
1,0,-1.0,-1.0,-1.0,2.08,7
1,0,-1.0,-1.0,-1.0,2.08,8
1,0,-1.0,-1.0,-1.0,2.08,9
1,0,-1.0,-1.0,-1.0,2.08,10
1,0,-1.0,-1.0,-1.0,2.08,11
1,0,-1.0,-1.0,-1.0,2.08,12
1,0,-1.0,-1.0,-1.0,2.08,13
1,0,-1.0,-1.0,-1.0,2.08,14
1,0,-1.0,-1.0,-1.0,2.1,5
1,0,-1.0,-1.0,-1.0,2.1,6
1,0,-1.0,-1.0,-1.0,2.1,7
1,0,-1.0,-1.0,-1.0,2.1,8
1,0,-1.0,-1.0,-1.0,2.1,9
1,0,-1.0,-1.0,-1.0,2.1,10
1,0,-1.0,-1.0,-1.0,2.1,11
1,0,-1.0,-1.0,-1.0,2.1,12
1,0,-1.0,-1.0,-1.0,2.1,13
1,0,-1.0,-1.0,-1.0,2.1,14
1,0,-1.0,-1.0,-1.0,2.12,5
1,0,-1.0,-1.0,-1.0,2.12,6
1,0,-1.0,-1.0,-1.0,2.12,7
1,0,-1.0,-1.0,-1.0,2.12,8
1,0,-1.0,-1.0,-1.0,2.12,9
1,0,-1.0,-1.0,-1.0,2.12,10
1,0,-1.0,-1.0,-1.0,2.12,11
1,0,-1.0,-1.0,-1.0,2.12,12
1,0,-1.0,-1.0,-1.0,2.12,13
1,0,-1.0,-1.0,-1.0,2.12,14
1,0,-1.0,-1.0,-1.0,2.14,5
1,0,-1.0,-1.0,-1.0,2.14,6
1,0,-1.0,-1.0,-1.0,2.14,7
1,0,-1.0,-1.0,-1.0,2.14,8
1,0,-1.0,-1.0,-1.0,2.14,9
1,0,-1.0,-1.0,-1.0,2.14,10
1,0,-1.0,-1.0,-1.0,2.14,11
1,0,-1.0,-1.0,-1.0,2.14,12
1,0,-1.0,-1.0,-1.0,2.14,13
1,0,-1.0,-1.0,-1.0,2.14,14
1,0,-1.0,-1.0,-1.0,2.16,5
1,0,-1.0,-1.0,-1.0,2.16,6
1,0,-1.0,-1.0,-1.0,2.16,7
1,0,-1.0,-1.0,-1.0,2.16,8
1,0,-1.0,-1.0,-1.0,2.16,9
1,0,-1.0,-1.0,-1.0,2.16,10
1,0,-1.0,-1.0,-1.0,2.16,11
1,0,-1.0,-1.0,-1.0,2.16,12
1,0,-1.0,-1.0,-1.0,2.16,13
1,0,-1.0,-1.0,-1.0,2.16,14
1,0,-1.0,-1.0,-1.0,2.18,5
1,0,-1.0,-1.0,-1.0,2.18,6
1,0,-1.0,-1.0,-1.0,2.18,7
1,0,-1.0,-1.0,-1.0,2.18,8
1,0,-1.0,-1.0,-1.0,2.18,9
1,0,-1.0,-1.0,-1.0,2.18,10
1,0,-1.0,-1.0,-1.0,2.18,11
1,0,-1.0,-1.0,-1.0,2.18,12
1,0,-1.0,-1.0,-1.0,2.18,13
1,0,-1.0,-1.0,-1.0,2.18,14
1,0,-1.0,-1.0,-1.0,2.2,5
1,0,-1.0,-1.0,-1.0,2.2,6
1,0,-1.0,-1.0,-1.0,2.2,7
1,0,-1.0,-1.0,-1.0,2.2,8
1,0,-1.0,-1.0,-1.0,2.2,9
1,0,-1.0,-1.0,-1.0,2.2,10
1,0,-1.0,-1.0,-1.0,2.2,11
1,0,-1.0,-1.0,-1.0,2.2,12
1,0,-1.0,-1.0,-1.0,2.2,13
1,0,-1.0,-1.0,-1.0,2.2,14
1,0,-1.0,-1.0,-1.0,2.22,5
1,0,-1.0,-1.0,-1.0,2.22,6
1,0,-1.0,-1.0,-1.0,2.22,7
1,0,-1.0,-1.0,-1.0,2.22,8
1,0,-1.0,-1.0,-1.0,2.22,9
1,0,-1.0,-1.0,-1.0,2.22,10
1,0,-1.0,-1.0,-1.0,2.22,11
1,0,-1.0,-1.0,-1.0,2.22,12
1,0,-1.0,-1.0,-1.0,2.22,13
1,0,-1.0,-1.0,-1.0,2.22,14
1,0,-1.0,-1.0,-1.0,2.24,5
1,0,-1.0,-1.0,-1.0,2.24,6
1,0,-1.0,-1.0,-1.0,2.24,7
1,0,-1.0,-1.0,-1.0,2.24,8
1,0,-1.0,-1.0,-1.0,2.24,9
1,0,-1.0,-1.0,-1.0,2.24,10
1,0,-1.0,-1.0,-1.0,2.24,11
1,0,-1.0,-1.0,-1.0,2.24,12
1,0,-1.0,-1.0,-1.0,2.24,13
1,0,-1.0,-1.0,-1.0,2.24,14
1,0,-1.0,-1.0,-1.0,2.2600000000000002,5
1,0,-1.0,-1.0,-1.0,2.2600000000000002,6
1,0,-1.0,-1.0,-1.0,2.2600000000000002,7
1,0,-1.0,-1.0,-1.0,2.2600000000000002,8
1,0,-1.0,-1.0,-1.0,2.2600000000000002,9
1,0,-1.0,-1.0,-1.0,2.2600000000000002,10
1,0,-1.0,-1.0,-1.0,2.2600000000000002,11
1,0,-1.0,-1.0,-1.0,2.2600000000000002,12
1,0,-1.0,-1.0,-1.0,2.2600000000000002,13
1,0,-1.0,-1.0,-1.0,2.2600000000000002,14
1,0,-1.0,-1.0,-1.0,2.2800000000000002,5
1,0,-1.0,-1.0,-1.0,2.2800000000000002,6
1,0,-1.0,-1.0,-1.0,2.2800000000000002,7
1,0,-1.0,-1.0,-1.0,2.2800000000000002,8
1,0,-1.0,-1.0,-1.0,2.2800000000000002,9
1,0,-1.0,-1.0,-1.0,2.2800000000000002,10
1,0,-1.0,-1.0,-1.0,2.2800000000000002,11
1,0,-1.0,-1.0,-1.0,2.2800000000000002,12
1,0,-1.0,-1.0,-1.0,2.2800000000000002,13
1,0,-1.0,-1.0,-1.0,2.2800000000000002,14
1,0,-1.0,-1.0,-1.0,2.3000000000000003,5
1,0,-1.0,-1.0,-1.0,2.3000000000000003,6
1,0,-1.0,-1.0,-1.0,2.3000000000000003,7
1,0,-1.0,-1.0,-1.0,2.3000000000000003,8
1,0,-1.0,-1.0,-1.0,2.3000000000000003,9
1,0,-1.0,-1.0,-1.0,2.3000000000000003,10
1,0,-1.0,-1.0,-1.0,2.3000000000000003,11
1,0,-1.0,-1.0,-1.0,2.3000000000000003,12
1,0,-1.0,-1.0,-1.0,2.3000000000000003,13
1,0,-1.0,-1.0,-1.0,2.3000000000000003,14
1,0,-1.0,-1.0,-1.0,2.3200000000000003,5
1,0,-1.0,-1.0,-1.0,2.3200000000000003,6
1,0,-1.0,-1.0,-1.0,2.3200000000000003,7
1,0,-1.0,-1.0,-1.0,2.3200000000000003,8
1,0,-1.0,-1.0,-1.0,2.3200000000000003,9
1,0,-1.0,-1.0,-1.0,2.3200000000000003,10
1,0,-1.0,-1.0,-1.0,2.3200000000000003,11
1,0,-1.0,-1.0,-1.0,2.3200000000000003,12
1,0,-1.0,-1.0,-1.0,2.3200000000000003,13
1,0,-1.0,-1.0,-1.0,2.3200000000000003,14
1,0,-1.0,-1.0,-1.0,2.3400000000000003,5
1,0,-1.0,-1.0,-1.0,2.3400000000000003,6
1,0,-1.0,-1.0,-1.0,2.3400000000000003,7
1,0,-1.0,-1.0,-1.0,2.3400000000000003,8
1,0,-1.0,-1.0,-1.0,2.3400000000000003,9
1,0,-1.0,-1.0,-1.0,2.3400000000000003,10
1,0,-1.0,-1.0,-1.0,2.3400000000000003,11
1,0,-1.0,-1.0,-1.0,2.3400000000000003,12
1,0,-1.0,-1.0,-1.0,2.3400000000000003,13
1,0,-1.0,-1.0,-1.0,2.3400000000000003,14
1,0,-1.0,-1.0,-1.0,2.3600000000000003,5
1,0,-1.0,-1.0,-1.0,2.3600000000000003,6
1,0,-1.0,-1.0,-1.0,2.3600000000000003,7
1,0,-1.0,-1.0,-1.0,2.3600000000000003,8
1,0,-1.0,-1.0,-1.0,2.3600000000000003,9
1,0,-1.0,-1.0,-1.0,2.3600000000000003,10
1,0,-1.0,-1.0,-1.0,2.3600000000000003,11
1,0,-1.0,-1.0,-1.0,2.3600000000000003,12
1,0,-1.0,-1.0,-1.0,2.3600000000000003,13
1,0,-1.0,-1.0,-1.0,2.3600000000000003,14
1,0,-1.0,-1.0,-1.0,2.3800000000000003,5
1,0,-1.0,-1.0,-1.0,2.3800000000000003,6
1,0,-1.0,-1.0,-1.0,2.3800000000000003,7
1,0,-1.0,-1.0,-1.0,2.3800000000000003,8
1,0,-1.0,-1.0,-1.0,2.3800000000000003,9
1,0,-1.0,-1.0,-1.0,2.3800000000000003,10
1,0,-1.0,-1.0,-1.0,2.3800000000000003,11
1,0,-1.0,-1.0,-1.0,2.3800000000000003,12
1,0,-1.0,-1.0,-1.0,2.3800000000000003,13
1,0,-1.0,-1.0,-1.0,2.3800000000000003,14
1,0,-1.0,-1.0,-1.0,2.4000000000000004,5
1,0,-1.0,-1.0,-1.0,2.4000000000000004,6
1,0,-1.0,-1.0,-1.0,2.4000000000000004,7
1,0,-1.0,-1.0,-1.0,2.4000000000000004,8
1,0,-1.0,-1.0,-1.0,2.4000000000000004,9
1,0,-1.0,-1.0,-1.0,2.4000000000000004,10
1,0,-1.0,-1.0,-1.0,2.4000000000000004,11
1,0,-1.0,-1.0,-1.0,2.4000000000000004,12
1,0,-1.0,-1.0,-1.0,2.4000000000000004,13
1,0,-1.0,-1.0,-1.0,2.4000000000000004,14
1,0,-1.0,-1.0,-1.0,2.42,5
1,0,-1.0,-1.0,-1.0,2.42,6
1,0,-1.0,-1.0,-1.0,2.42,7
1,0,-1.0,-1.0,-1.0,2.42,8
1,0,-1.0,-1.0,-1.0,2.42,9
1,0,-1.0,-1.0,-1.0,2.42,10
1,0,-1.0,-1.0,-1.0,2.42,11
1,0,-1.0,-1.0,-1.0,2.42,12
1,0,-1.0,-1.0,-1.0,2.42,13
1,0,-1.0,-1.0,-1.0,2.42,14
1,0,-1.0,-1.0,-1.0,2.44,5
1,0,-1.0,-1.0,-1.0,2.44,6
1,0,-1.0,-1.0,-1.0,2.44,7
1,0,-1.0,-1.0,-1.0,2.44,8
1,0,-1.0,-1.0,-1.0,2.44,9
1,0,-1.0,-1.0,-1.0,2.44,10
1,0,-1.0,-1.0,-1.0,2.44,11
1,0,-1.0,-1.0,-1.0,2.44,12
1,0,-1.0,-1.0,-1.0,2.44,13
1,0,-1.0,-1.0,-1.0,2.44,14
1,0,-1.0,-1.0,-1.0,2.46,5
1,0,-1.0,-1.0,-1.0,2.46,6
1,0,-1.0,-1.0,-1.0,2.46,7
1,0,-1.0,-1.0,-1.0,2.46,8
1,0,-1.0,-1.0,-1.0,2.46,9
1,0,-1.0,-1.0,-1.0,2.46,10
1,0,-1.0,-1.0,-1.0,2.46,11
1,0,-1.0,-1.0,-1.0,2.46,12
1,0,-1.0,-1.0,-1.0,2.46,13
1,0,-1.0,-1.0,-1.0,2.46,14
1,0,-1.0,-1.0,-1.0,2.48,5
1,0,-1.0,-1.0,-1.0,2.48,6
1,0,-1.0,-1.0,-1.0,2.48,7
1,0,-1.0,-1.0,-1.0,2.48,8
1,0,-1.0,-1.0,-1.0,2.48,9
1,0,-1.0,-1.0,-1.0,2.48,10
1,0,-1.0,-1.0,-1.0,2.48,11
1,0,-1.0,-1.0,-1.0,2.48,12
1,0,-1.0,-1.0,-1.0,2.48,13
1,0,-1.0,-1.0,-1.0,2.48,14
1,0,-1.0,-1.0,-1.0,2.5,5
1,0,-1.0,-1.0,-1.0,2.5,6
1,0,-1.0,-1.0,-1.0,2.5,7
1,0,-1.0,-1.0,-1.0,2.5,8
1,0,-1.0,-1.0,-1.0,2.5,9
1,0,-1.0,-1.0,-1.0,2.5,10
1,0,-1.0,-1.0,-1.0,2.5,11
1,0,-1.0,-1.0,-1.0,2.5,12
1,0,-1.0,-1.0,-1.0,2.5,13
1,0,-1.0,-1.0,-1.0,2.5,14
1,0,-1.0,-1.0,-1.0,2.52,5
1,0,-1.0,-1.0,-1.0,2.52,6
1,0,-1.0,-1.0,-1.0,2.52,7
1,0,-1.0,-1.0,-1.0,2.52,8
1,0,-1.0,-1.0,-1.0,2.52,9
1,0,-1.0,-1.0,-1.0,2.52,10
1,0,-1.0,-1.0,-1.0,2.52,11
1,0,-1.0,-1.0,-1.0,2.52,12
1,0,-1.0,-1.0,-1.0,2.52,13
1,0,-1.0,-1.0,-1.0,2.52,14
1,0,-1.0,-1.0,-1.0,2.54,5
1,0,-1.0,-1.0,-1.0,2.54,6
1,0,-1.0,-1.0,-1.0,2.54,7
1,0,-1.0,-1.0,-1.0,2.54,8
1,0,-1.0,-1.0,-1.0,2.54,9
1,0,-1.0,-1.0,-1.0,2.54,10
1,0,-1.0,-1.0,-1.0,2.54,11
1,0,-1.0,-1.0,-1.0,2.54,12
1,0,-1.0,-1.0,-1.0,2.54,13
1,0,-1.0,-1.0,-1.0,2.54,14
1,0,-1.0,-1.0,-1.0,2.56,5
1,0,-1.0,-1.0,-1.0,2.56,6
1,0,-1.0,-1.0,-1.0,2.56,7
1,0,-1.0,-1.0,-1.0,2.56,8
1,0,-1.0,-1.0,-1.0,2.56,9
1,0,-1.0,-1.0,-1.0,2.56,10
1,0,-1.0,-1.0,-1.0,2.56,11
1,0,-1.0,-1.0,-1.0,2.56,12
1,0,-1.0,-1.0,-1.0,2.56,13
1,0,-1.0,-1.0,-1.0,2.56,14
1,0,-1.0,-1.0,-1.0,2.58,5
1,0,-1.0,-1.0,-1.0,2.58,6
1,0,-1.0,-1.0,-1.0,2.58,7
1,0,-1.0,-1.0,-1.0,2.58,8
1,0,-1.0,-1.0,-1.0,2.58,9
1,0,-1.0,-1.0,-1.0,2.58,10
1,0,-1.0,-1.0,-1.0,2.58,11
1,0,-1.0,-1.0,-1.0,2.58,12
1,0,-1.0,-1.0,-1.0,2.58,13
1,0,-1.0,-1.0,-1.0,2.58,14
1,0,-1.0,-1.0,-1.0,2.6,5
1,0,-1.0,-1.0,-1.0,2.6,6
1,0,-1.0,-1.0,-1.0,2.6,7
1,0,-1.0,-1.0,-1.0,2.6,8
1,0,-1.0,-1.0,-1.0,2.6,9
1,0,-1.0,-1.0,-1.0,2.6,10
1,0,-1.0,-1.0,-1.0,2.6,11
1,0,-1.0,-1.0,-1.0,2.6,12
1,0,-1.0,-1.0,-1.0,2.6,13
1,0,-1.0,-1.0,-1.0,2.6,14
1,0,-1.0,-1.0,-1.0,2.62,5
1,0,-1.0,-1.0,-1.0,2.62,6
1,0,-1.0,-1.0,-1.0,2.62,7
1,0,-1.0,-1.0,-1.0,2.62,8
1,0,-1.0,-1.0,-1.0,2.62,9
1,0,-1.0,-1.0,-1.0,2.62,10
1,0,-1.0,-1.0,-1.0,2.62,11
1,0,-1.0,-1.0,-1.0,2.62,12
1,0,-1.0,-1.0,-1.0,2.62,13
1,0,-1.0,-1.0,-1.0,2.62,14
1,0,-1.0,-1.0,-1.0,2.64,5
1,0,-1.0,-1.0,-1.0,2.64,6
1,0,-1.0,-1.0,-1.0,2.64,7
1,0,-1.0,-1.0,-1.0,2.64,8
1,0,-1.0,-1.0,-1.0,2.64,9
1,0,-1.0,-1.0,-1.0,2.64,10
1,0,-1.0,-1.0,-1.0,2.64,11
1,0,-1.0,-1.0,-1.0,2.64,12
1,0,-1.0,-1.0,-1.0,2.64,13
1,0,-1.0,-1.0,-1.0,2.64,14
1,0,-1.0,-1.0,-1.0,2.66,5
1,0,-1.0,-1.0,-1.0,2.66,6
1,0,-1.0,-1.0,-1.0,2.66,7
1,0,-1.0,-1.0,-1.0,2.66,8
1,0,-1.0,-1.0,-1.0,2.66,9
1,0,-1.0,-1.0,-1.0,2.66,10
1,0,-1.0,-1.0,-1.0,2.66,11
1,0,-1.0,-1.0,-1.0,2.66,12
1,0,-1.0,-1.0,-1.0,2.66,13
1,0,-1.0,-1.0,-1.0,2.66,14
1,0,-1.0,-1.0,-1.0,2.68,5
1,0,-1.0,-1.0,-1.0,2.68,6
1,0,-1.0,-1.0,-1.0,2.68,7
1,0,-1.0,-1.0,-1.0,2.68,8
1,0,-1.0,-1.0,-1.0,2.68,9
1,0,-1.0,-1.0,-1.0,2.68,10
1,0,-1.0,-1.0,-1.0,2.68,11
1,0,-1.0,-1.0,-1.0,2.68,12
1,0,-1.0,-1.0,-1.0,2.68,13
1,0,-1.0,-1.0,-1.0,2.68,14
1,0,-1.0,-1.0,-1.0,2.7,5
1,0,-1.0,-1.0,-1.0,2.7,6
1,0,-1.0,-1.0,-1.0,2.7,7
1,0,-1.0,-1.0,-1.0,2.7,8
1,0,-1.0,-1.0,-1.0,2.7,9
1,0,-1.0,-1.0,-1.0,2.7,10
1,0,-1.0,-1.0,-1.0,2.7,11
1,0,-1.0,-1.0,-1.0,2.7,12
1,0,-1.0,-1.0,-1.0,2.7,13
1,0,-1.0,-1.0,-1.0,2.7,14
1,0,-1.0,-1.0,-1.0,2.72,5
1,0,-1.0,-1.0,-1.0,2.72,6
1,0,-1.0,-1.0,-1.0,2.72,7
1,0,-1.0,-1.0,-1.0,2.72,8
1,0,-1.0,-1.0,-1.0,2.72,9
1,0,-1.0,-1.0,-1.0,2.72,10
1,0,-1.0,-1.0,-1.0,2.72,11
1,0,-1.0,-1.0,-1.0,2.72,12
1,0,-1.0,-1.0,-1.0,2.72,13
1,0,-1.0,-1.0,-1.0,2.72,14
1,0,-1.0,-1.0,-1.0,2.74,5
1,0,-1.0,-1.0,-1.0,2.74,6
1,0,-1.0,-1.0,-1.0,2.74,7
1,0,-1.0,-1.0,-1.0,2.74,8
1,0,-1.0,-1.0,-1.0,2.74,9
1,0,-1.0,-1.0,-1.0,2.74,10
1,0,-1.0,-1.0,-1.0,2.74,11
1,0,-1.0,-1.0,-1.0,2.74,12
1,0,-1.0,-1.0,-1.0,2.74,13
1,0,-1.0,-1.0,-1.0,2.74,14
1,0,-1.0,-1.0,-1.0,2.7600000000000002,5
1,0,-1.0,-1.0,-1.0,2.7600000000000002,6
1,0,-1.0,-1.0,-1.0,2.7600000000000002,7
1,0,-1.0,-1.0,-1.0,2.7600000000000002,8
1,0,-1.0,-1.0,-1.0,2.7600000000000002,9
1,0,-1.0,-1.0,-1.0,2.7600000000000002,10
1,0,-1.0,-1.0,-1.0,2.7600000000000002,11
1,0,-1.0,-1.0,-1.0,2.7600000000000002,12
1,0,-1.0,-1.0,-1.0,2.7600000000000002,13
1,0,-1.0,-1.0,-1.0,2.7600000000000002,14
1,0,-1.0,-1.0,-1.0,2.7800000000000002,5
1,0,-1.0,-1.0,-1.0,2.7800000000000002,6
1,0,-1.0,-1.0,-1.0,2.7800000000000002,7
1,0,-1.0,-1.0,-1.0,2.7800000000000002,8
1,0,-1.0,-1.0,-1.0,2.7800000000000002,9
1,0,-1.0,-1.0,-1.0,2.7800000000000002,10
1,0,-1.0,-1.0,-1.0,2.7800000000000002,11
1,0,-1.0,-1.0,-1.0,2.7800000000000002,12
1,0,-1.0,-1.0,-1.0,2.7800000000000002,13
1,0,-1.0,-1.0,-1.0,2.7800000000000002,14
1,0,-1.0,-1.0,-1.0,2.8000000000000003,5
1,0,-1.0,-1.0,-1.0,2.8000000000000003,6
1,0,-1.0,-1.0,-1.0,2.8000000000000003,7
1,0,-1.0,-1.0,-1.0,2.8000000000000003,8
1,0,-1.0,-1.0,-1.0,2.8000000000000003,9
1,0,-1.0,-1.0,-1.0,2.8000000000000003,10
1,0,-1.0,-1.0,-1.0,2.8000000000000003,11
1,0,-1.0,-1.0,-1.0,2.8000000000000003,12
1,0,-1.0,-1.0,-1.0,2.8000000000000003,13
1,0,-1.0,-1.0,-1.0,2.8000000000000003,14
1,0,-1.0,-1.0,-1.0,2.8200000000000003,5
1,0,-1.0,-1.0,-1.0,2.8200000000000003,6
1,0,-1.0,-1.0,-1.0,2.8200000000000003,7
1,0,-1.0,-1.0,-1.0,2.8200000000000003,8
1,0,-1.0,-1.0,-1.0,2.8200000000000003,9
1,0,-1.0,-1.0,-1.0,2.8200000000000003,10
1,0,-1.0,-1.0,-1.0,2.8200000000000003,11
1,0,-1.0,-1.0,-1.0,2.8200000000000003,12
1,0,-1.0,-1.0,-1.0,2.8200000000000003,13
1,0,-1.0,-1.0,-1.0,2.8200000000000003,14
1,0,-1.0,-1.0,-1.0,2.8400000000000003,5
1,0,-1.0,-1.0,-1.0,2.8400000000000003,6
1,0,-1.0,-1.0,-1.0,2.8400000000000003,7
1,0,-1.0,-1.0,-1.0,2.8400000000000003,8
1,0,-1.0,-1.0,-1.0,2.8400000000000003,9
1,0,-1.0,-1.0,-1.0,2.8400000000000003,10
1,0,-1.0,-1.0,-1.0,2.8400000000000003,11
1,0,-1.0,-1.0,-1.0,2.8400000000000003,12
1,0,-1.0,-1.0,-1.0,2.8400000000000003,13
1,0,-1.0,-1.0,-1.0,2.8400000000000003,14
1,0,-1.0,-1.0,-1.0,2.8600000000000003,5
1,0,-1.0,-1.0,-1.0,2.8600000000000003,6
1,0,-1.0,-1.0,-1.0,2.8600000000000003,7
1,0,-1.0,-1.0,-1.0,2.8600000000000003,8
1,0,-1.0,-1.0,-1.0,2.8600000000000003,9
1,0,-1.0,-1.0,-1.0,2.8600000000000003,10
1,0,-1.0,-1.0,-1.0,2.8600000000000003,11
1,0,-1.0,-1.0,-1.0,2.8600000000000003,12
1,0,-1.0,-1.0,-1.0,2.8600000000000003,13
1,0,-1.0,-1.0,-1.0,2.8600000000000003,14
1,0,-1.0,-1.0,-1.0,2.8800000000000003,5
1,0,-1.0,-1.0,-1.0,2.8800000000000003,6
1,0,-1.0,-1.0,-1.0,2.8800000000000003,7
1,0,-1.0,-1.0,-1.0,2.8800000000000003,8
1,0,-1.0,-1.0,-1.0,2.8800000000000003,9
1,0,-1.0,-1.0,-1.0,2.8800000000000003,10
1,0,-1.0,-1.0,-1.0,2.8800000000000003,11
1,0,-1.0,-1.0,-1.0,2.8800000000000003,12
1,0,-1.0,-1.0,-1.0,2.8800000000000003,13
1,0,-1.0,-1.0,-1.0,2.8800000000000003,14
1,0,-1.0,-1.0,-1.0,2.9000000000000004,5
1,0,-1.0,-1.0,-1.0,2.9000000000000004,6
1,0,-1.0,-1.0,-1.0,2.9000000000000004,7
1,0,-1.0,-1.0,-1.0,2.9000000000000004,8
1,0,-1.0,-1.0,-1.0,2.9000000000000004,9
1,0,-1.0,-1.0,-1.0,2.9000000000000004,10
1,0,-1.0,-1.0,-1.0,2.9000000000000004,11
1,0,-1.0,-1.0,-1.0,2.9000000000000004,12
1,0,-1.0,-1.0,-1.0,2.9000000000000004,13
1,0,-1.0,-1.0,-1.0,2.9000000000000004,14
1,0,-1.0,-1.0,-1.0,2.92,5
1,0,-1.0,-1.0,-1.0,2.92,6
1,0,-1.0,-1.0,-1.0,2.92,7
1,0,-1.0,-1.0,-1.0,2.92,8
1,0,-1.0,-1.0,-1.0,2.92,9
1,0,-1.0,-1.0,-1.0,2.92,10
1,0,-1.0,-1.0,-1.0,2.92,11
1,0,-1.0,-1.0,-1.0,2.92,12
1,0,-1.0,-1.0,-1.0,2.92,13
1,0,-1.0,-1.0,-1.0,2.92,14
1,0,-1.0,-1.0,-1.0,2.94,5
1,0,-1.0,-1.0,-1.0,2.94,6
1,0,-1.0,-1.0,-1.0,2.94,7
1,0,-1.0,-1.0,-1.0,2.94,8
1,0,-1.0,-1.0,-1.0,2.94,9
1,0,-1.0,-1.0,-1.0,2.94,10
1,0,-1.0,-1.0,-1.0,2.94,11
1,0,-1.0,-1.0,-1.0,2.94,12
1,0,-1.0,-1.0,-1.0,2.94,13
1,0,-1.0,-1.0,-1.0,2.94,14
1,0,-1.0,-1.0,-1.0,2.96,5
1,0,-1.0,-1.0,-1.0,2.96,6
1,0,-1.0,-1.0,-1.0,2.96,7
1,0,-1.0,-1.0,-1.0,2.96,8
1,0,-1.0,-1.0,-1.0,2.96,9
1,0,-1.0,-1.0,-1.0,2.96,10
1,0,-1.0,-1.0,-1.0,2.96,11
1,0,-1.0,-1.0,-1.0,2.96,12
1,0,-1.0,-1.0,-1.0,2.96,13
1,0,-1.0,-1.0,-1.0,2.96,14
1,0,-1.0,-1.0,-1.0,2.98,5
1,0,-1.0,-1.0,-1.0,2.98,6
1,0,-1.0,-1.0,-1.0,2.98,7
1,0,-1.0,-1.0,-1.0,2.98,8
1,0,-1.0,-1.0,-1.0,2.98,9
1,0,-1.0,-1.0,-1.0,2.98,10
1,0,-1.0,-1.0,-1.0,2.98,11
1,0,-1.0,-1.0,-1.0,2.98,12
1,0,-1.0,-1.0,-1.0,2.98,13
1,0,-1.0,-1.0,-1.0,2.98,14
1,0,-1.0,-1.0,-1.0,3.0,5
1,0,-1.0,-1.0,-1.0,3.0,6
1,0,-1.0,-1.0,-1.0,3.0,7
1,0,-1.0,-1.0,-1.0,3.0,8
1,0,-1.0,-1.0,-1.0,3.0,9
1,0,-1.0,-1.0,-1.0,3.0,10
1,0,-1.0,-1.0,-1.0,3.0,11
1,0,-1.0,-1.0,-1.0,3.0,12
1,0,-1.0,-1.0,-1.0,3.0,13
1,0,-1.0,-1.0,-1.0,3.0,14
1,0,-1.0,-1.0,-1.0,3.02,5
1,0,-1.0,-1.0,-1.0,3.02,6
1,0,-1.0,-1.0,-1.0,3.02,7
1,0,-1.0,-1.0,-1.0,3.02,8
1,0,-1.0,-1.0,-1.0,3.02,9
1,0,-1.0,-1.0,-1.0,3.02,10
1,0,-1.0,-1.0,-1.0,3.02,11
1,0,-1.0,-1.0,-1.0,3.02,12
1,0,-1.0,-1.0,-1.0,3.02,13
1,0,-1.0,-1.0,-1.0,3.02,14
1,0,-1.0,-1.0,-1.0,3.04,5
1,0,-1.0,-1.0,-1.0,3.04,6
1,0,-1.0,-1.0,-1.0,3.04,7
1,0,-1.0,-1.0,-1.0,3.04,8
1,0,-1.0,-1.0,-1.0,3.04,9
1,0,-1.0,-1.0,-1.0,3.04,10
1,0,-1.0,-1.0,-1.0,3.04,11
1,0,-1.0,-1.0,-1.0,3.04,12
1,0,-1.0,-1.0,-1.0,3.04,13
1,0,-1.0,-1.0,-1.0,3.04,14
1,0,-1.0,-1.0,-1.0,3.06,5
1,0,-1.0,-1.0,-1.0,3.06,6
1,0,-1.0,-1.0,-1.0,3.06,7
1,0,-1.0,-1.0,-1.0,3.06,8
1,0,-1.0,-1.0,-1.0,3.06,9
1,0,-1.0,-1.0,-1.0,3.06,10
1,0,-1.0,-1.0,-1.0,3.06,11
1,0,-1.0,-1.0,-1.0,3.06,12
1,0,-1.0,-1.0,-1.0,3.06,13
1,0,-1.0,-1.0,-1.0,3.06,14
1,0,-1.0,-1.0,-1.0,3.08,5
1,0,-1.0,-1.0,-1.0,3.08,6
1,0,-1.0,-1.0,-1.0,3.08,7
1,0,-1.0,-1.0,-1.0,3.08,8
1,0,-1.0,-1.0,-1.0,3.08,9
1,0,-1.0,-1.0,-1.0,3.08,10
1,0,-1.0,-1.0,-1.0,3.08,11
1,0,-1.0,-1.0,-1.0,3.08,12
1,0,-1.0,-1.0,-1.0,3.08,13
1,0,-1.0,-1.0,-1.0,3.08,14
